conn,rate,cond,seed,total_spikes,frac_active,DNp09_left,DNp09_right,MDN_left,MDN_right,DNa01_left,DNa01_right,DNa02_left,DNa02_right
real,none,control,1000,0,0.0,0.0,0.0,0.0,0.0,0.0,0.0,0.0,0.0
real,none,control,1001,0,0.0,0.0,0.0,0.0,0.0,0.0,0.0,0.0,0.0
real,none,control,1002,0,0.0,0.0,0.0,0.0,0.0,0.0,0.0,0.0,0.0
real,none,control,1003,0,0.0,0.0,0.0,0.0,0.0,0.0,0.0,0.0,0.0
real,none,control,1004,0,0.0,0.0,0.0,0.0,0.0,0.0,0.0,0.0,0.0
real,none,control,1005,0,0.0,0.0,0.0,0.0,0.0,0.0,0.0,0.0,0.0
real,none,control,1006,0,0.0,0.0,0.0,0.0,0.0,0.0,0.0,0.0,0.0
real,none,control,1007,0,0.0,0.0,0.0,0.0,0.0,0.0,0.0,0.0,0.0
real,none,control,1008,0,0.0,0.0,0.0,0.0,0.0,0.0,0.0,0.0,0.0
real,none,control,1009,0,0.0,0.0,0.0,0.0,0.0,0.0,0.0,0.0,0.0
real,r20,sim,1000,469085,0.061411291195118255,0.0,0.0,0.0,0.0,16.0,9.0,49.0,3.0
real,r20,sim,1001,470933,0.061274244620921965,0.0,0.0,0.0,0.0,21.0,7.0,50.0,1.0
real,r20,sim,1002,469192,0.06137522630717186,0.0,0.0,0.0,0.0,21.0,10.0,52.0,2.0
real,r20,sim,1003,468320,0.061115559113957836,0.0,0.0,0.0,0.0,21.0,8.0,50.0,0.0
real,r20,sim,1004,469426,0.06154833776931455,0.0,0.0,0.0,0.0,16.0,8.0,51.0,1.0
real,r20,sim,1005,471104,0.06151948585895744,0.0,0.0,0.0,0.0,22.0,8.0,59.0,0.0
real,r20,sim,1006,471016,0.061779153052171465,0.0,0.0,0.0,0.0,17.0,8.0,48.0,3.0
real,r20,sim,1007,471303,0.06172866220904652,0.0,0.0,0.0,0.0,22.0,7.0,51.0,0.0
real,r20,sim,1008,470506,0.06135358737440403,0.0,0.0,0.0,0.0,17.0,11.0,50.0,1.0
real,r20,sim,1009,471680,0.061432930127886094,0.0,0.0,0.0,0.0,22.0,10.0,47.0,0.0
real,r20,esq,1000,465295,0.06100736445011865,0.0,0.0,0.0,0.0,16.0,10.0,49.0,0.0
real,r20,esq,1001,466539,0.060899169786279475,0.0,0.0,0.0,0.0,21.0,5.0,57.0,2.0
real,r20,esq,1002,464219,0.0607549102344939,0.0,0.0,0.0,0.0,20.0,6.0,53.0,0.0
real,r20,esq,1003,465791,0.06076212321208318,0.0,0.0,0.0,0.0,21.0,9.0,51.0,0.0
real,r20,esq,1004,462905,0.06078376214485102,0.0,0.0,0.0,0.0,18.0,7.0,50.0,0.0
real,r20,esq,1005,465815,0.061274244620921965,0.0,0.0,0.0,0.0,15.0,7.0,46.0,1.0
real,r20,esq,1006,464433,0.0607549102344939,0.0,0.0,0.0,0.0,18.0,12.0,57.0,0.0
real,r20,esq,1007,464568,0.06092080871904731,0.0,0.0,0.0,0.0,17.0,11.0,51.0,2.0
real,r20,esq,1008,466930,0.061050642315654324,0.0,0.0,0.0,0.0,20.0,5.0,51.0,0.0
real,r20,esq,1009,469109,0.06102900338288649,0.0,0.0,0.0,0.0,24.0,7.0,51.0,0.0
real,r20,dir,1000,464612,0.06100736445011865,0.0,0.0,0.0,0.0,20.0,11.0,45.0,2.0
real,r20,dir,1001,467367,0.06076212321208318,0.0,0.0,0.0,0.0,17.0,8.0,52.0,1.0
real,r20,dir,1002,463546,0.06094966062940443,0.0,0.0,0.0,0.0,21.0,7.0,53.0,0.0
real,r20,dir,1003,465566,0.06108670720360072,0.0,0.0,0.0,0.0,19.0,6.0,50.0,0.0
real,r20,dir,1004,465670,0.060733271301726066,0.0,0.0,0.0,0.0,22.0,8.0,54.0,0.0
real,r20,dir,1005,467304,0.06100015147252937,0.0,0.0,0.0,0.0,23.0,7.0,56.0,0.0
real,r20,dir,1006,464611,0.06081261405520813,0.0,0.0,0.0,0.0,18.0,8.0,52.0,1.0
real,r20,dir,1007,465886,0.061202114845029174,0.0,0.0,0.0,0.0,20.0,8.0,49.0,3.0
real,r20,dir,1008,466345,0.06123817973297557,0.0,0.0,0.0,0.0,22.0,5.0,42.0,1.0
real,r20,dir,1009,467877,0.06087031787592236,0.0,0.0,0.0,0.0,18.0,8.0,52.0,0.0
real,r50,sim,1000,479352,0.06173587518663579,0.0,0.0,0.0,0.0,19.0,7.0,54.0,2.0
real,r50,sim,1001,480294,0.061620467545207336,0.0,0.0,0.0,0.0,23.0,6.0,50.0,0.0
real,r50,sim,1002,480939,0.06190898664877848,0.0,0.0,0.0,0.0,19.0,8.0,50.0,1.0
real,r50,sim,1003,480191,0.06191619962636776,0.0,0.0,0.0,0.0,23.0,9.0,47.0,0.0
real,r50,sim,1004,480196,0.061988329402260546,0.0,0.0,0.0,0.0,23.0,9.0,48.0,0.0
real,r50,sim,1005,479428,0.06152669883654671,0.0,0.0,0.0,0.0,23.0,6.0,51.0,1.0
real,r50,sim,1006,480282,0.06185128282806426,0.0,0.0,0.0,0.0,19.0,2.0,59.0,1.0
real,r50,sim,1007,479536,0.06181521794011786,0.0,0.0,0.0,0.0,20.0,8.0,55.0,2.0
real,r50,sim,1008,480037,0.061959477491903434,0.0,0.0,0.0,0.0,19.0,7.0,54.0,0.0
real,r50,sim,1009,482308,0.061627680522796616,0.0,0.0,0.0,0.0,23.0,11.0,62.0,0.0
real,r50,esq,1000,472529,0.061072281248422164,0.0,0.0,0.0,0.0,20.0,10.0,48.0,0.0
real,r50,esq,1001,473145,0.06117326293467206,0.0,0.0,0.0,0.0,19.0,6.0,47.0,0.0
real,r50,esq,1002,471608,0.060884743831100915,0.0,0.0,0.0,0.0,17.0,7.0,48.0,0.0
real,r50,esq,1003,472955,0.061093920181189997,0.0,0.0,0.0,0.0,18.0,8.0,46.0,0.0
real,r50,esq,1004,471697,0.06112277209154711,0.0,0.0,0.0,0.0,21.0,5.0,48.0,0.0
real,r50,esq,1005,473202,0.0609568736069937,0.0,0.0,0.0,0.0,23.0,7.0,54.0,1.0
real,r50,esq,1006,472096,0.061259818665743405,0.0,0.0,0.0,0.0,20.0,8.0,51.0,1.0
real,r50,esq,1007,471868,0.06112277209154711,0.0,0.0,0.0,0.0,19.0,7.0,61.0,0.0
real,r50,esq,1008,472292,0.06107949422601144,0.0,0.0,0.0,0.0,19.0,8.0,54.0,0.0
real,r50,esq,1009,473066,0.061072281248422164,0.0,0.0,0.0,0.0,18.0,7.0,51.0,0.0
real,r50,dir,1000,472202,0.060906382763868755,0.0,0.0,0.0,0.0,24.0,5.0,56.0,0.0
real,r50,dir,1001,472686,0.061093920181189997,0.0,0.0,0.0,0.0,18.0,6.0,47.0,0.0
real,r50,dir,1002,470802,0.06081261405520813,0.0,0.0,0.0,0.0,19.0,7.0,47.0,0.0
real,r50,dir,1003,472643,0.06079097512244029,0.0,0.0,0.0,0.0,23.0,6.0,55.0,1.0
real,r50,dir,1004,471204,0.06092080871904731,0.0,0.0,0.0,0.0,19.0,8.0,55.0,1.0
real,r50,dir,1005,471927,0.061043429338065044,0.0,0.0,0.0,0.0,20.0,7.0,52.0,2.0
real,r50,dir,1006,470720,0.061101133158779276,0.0,0.0,0.0,0.0,18.0,10.0,53.0,0.0
real,r50,dir,1007,471622,0.0609929384949401,0.0,0.0,0.0,0.0,19.0,9.0,50.0,0.0
real,r50,dir,1008,472802,0.0609929384949401,0.0,0.0,0.0,0.0,18.0,9.0,47.0,0.0
real,r50,dir,1009,471539,0.0609929384949401,0.0,0.0,0.0,0.0,18.0,9.0,53.0,1.0
real,r100,sim,1000,492961,0.061937838559135594,0.0,0.0,0.0,0.0,26.0,8.0,62.0,0.0
real,r100,sim,1001,492470,0.062161440864403235,0.0,0.0,0.0,0.0,22.0,7.0,52.0,2.0
real,r100,sim,1002,493147,0.06196669046949271,0.0,0.0,0.0,0.0,23.0,8.0,55.0,0.0
real,r100,sim,1003,491205,0.06204603322297478,0.0,0.0,0.0,0.0,18.0,11.0,57.0,2.0
real,r100,sim,1004,493666,0.06204603322297478,0.0,0.0,0.0,0.0,23.0,7.0,55.0,0.0
real,r100,sim,1005,493596,0.06202439429020694,0.0,0.0,0.0,0.0,17.0,9.0,53.0,0.0
real,r100,sim,1006,490737,0.06186570878324281,0.0,0.0,0.0,0.0,15.0,12.0,46.0,1.0
real,r100,sim,1007,491459,0.061937838559135594,0.0,0.0,0.0,0.0,26.0,6.0,57.0,0.0
real,r100,sim,1008,493065,0.06225520957306386,0.0,0.0,0.0,0.0,17.0,10.0,55.0,0.0
real,r100,sim,1009,492041,0.0618368568728857,0.0,0.0,0.0,0.0,23.0,7.0,59.0,1.0
real,r100,esq,1000,479452,0.061093920181189997,0.0,0.0,0.0,0.0,15.0,7.0,55.0,1.0
real,r100,esq,1001,481191,0.0611588369794935,0.0,0.0,0.0,0.0,17.0,5.0,50.0,0.0
real,r100,esq,1002,480494,0.06137522630717186,0.0,0.0,0.0,0.0,22.0,10.0,50.0,1.0
real,r100,esq,1003,480256,0.06117326293467206,0.0,0.0,0.0,0.0,22.0,10.0,53.0,1.0
real,r100,esq,1004,481678,0.06136080035199331,0.0,0.0,0.0,0.0,24.0,5.0,55.0,1.0
real,r100,esq,1005,480410,0.0613968652399397,0.0,0.0,0.0,0.0,19.0,6.0,57.0,0.0
real,r100,esq,1006,479774,0.061483420971011046,0.0,0.0,0.0,0.0,21.0,9.0,56.0,3.0
real,r100,esq,1007,479712,0.06112277209154711,0.0,0.0,0.0,0.0,17.0,7.0,50.0,0.0
real,r100,esq,1008,480017,0.061093920181189997,0.0,0.0,0.0,0.0,19.0,11.0,54.0,2.0
real,r100,esq,1009,480501,0.061065068270832884,0.0,0.0,0.0,0.0,15.0,8.0,52.0,1.0
real,r100,dir,1000,480372,0.061202114845029174,0.0,0.0,0.0,0.0,20.0,7.0,48.0,0.0
real,r100,dir,1001,480092,0.06118047591226134,0.0,0.0,0.0,0.0,18.0,11.0,54.0,1.0
real,r100,dir,1002,477428,0.06118047591226134,0.0,0.0,0.0,0.0,20.0,9.0,56.0,0.0
real,r100,dir,1003,479076,0.061043429338065044,0.0,0.0,0.0,0.0,21.0,6.0,47.0,0.0
real,r100,dir,1004,480129,0.06138965226235042,0.0,0.0,0.0,0.0,17.0,8.0,52.0,0.0
real,r100,dir,1005,478641,0.06116604995708278,0.0,0.0,0.0,0.0,24.0,5.0,53.0,0.0
real,r100,dir,1006,480626,0.061202114845029174,0.0,0.0,0.0,0.0,23.0,9.0,56.0,0.0
real,r100,dir,1007,480395,0.061418504172707535,0.0,0.0,0.0,0.0,20.0,6.0,51.0,2.0
real,r100,dir,1008,479425,0.06107949422601144,0.0,0.0,0.0,0.0,17.0,5.0,55.0,0.0
real,r100,dir,1009,479454,0.06092080871904731,0.0,0.0,0.0,0.0,24.0,6.0,52.0,3.0
real,vin5,sim,1000,474750,0.061620467545207336,0.0,0.0,0.0,0.0,23.0,7.0,55.0,0.0
real,vin5,sim,1001,474389,0.061432930127886094,0.0,0.0,0.0,0.0,17.0,11.0,51.0,0.0
real,vin5,sim,1002,475236,0.061634893500385896,0.0,0.0,0.0,0.0,19.0,5.0,53.0,1.0
real,vin5,sim,1003,474670,0.06159161563485022,0.0,0.0,0.0,0.0,22.0,6.0,55.0,0.0
real,vin5,sim,1004,473600,0.061584402657260943,0.0,0.0,0.0,0.0,16.0,9.0,59.0,1.0
real,vin5,sim,1005,473415,0.06146899501583249,0.0,0.0,0.0,0.0,17.0,7.0,51.0,0.0
real,vin5,sim,1006,475449,0.06153391181413599,0.0,0.0,0.0,0.0,15.0,9.0,53.0,1.0
real,vin5,sim,1007,476282,0.061771940074582185,0.0,0.0,0.0,0.0,14.0,9.0,54.0,1.0
real,vin5,sim,1008,474847,0.061483420971011046,0.0,0.0,0.0,0.0,18.0,9.0,57.0,0.0
real,vin5,sim,1009,475556,0.061620467545207336,0.0,0.0,0.0,0.0,16.0,13.0,57.0,0.0
real,vin5,esq,1000,468459,0.060906382763868755,0.0,0.0,0.0,0.0,25.0,9.0,52.0,0.0
real,vin5,esq,1001,468679,0.06100015147252937,0.0,0.0,0.0,0.0,21.0,4.0,48.0,0.0
real,vin5,esq,1002,468383,0.06116604995708278,0.0,0.0,0.0,0.0,15.0,10.0,53.0,0.0
real,vin5,esq,1003,469872,0.061108346136368556,0.0,0.0,0.0,0.0,18.0,9.0,52.0,1.0
real,vin5,esq,1004,468730,0.06083425298797596,0.0,0.0,0.0,0.0,23.0,8.0,49.0,0.0
real,vin5,esq,1005,470115,0.061072281248422164,0.0,0.0,0.0,0.0,21.0,5.0,55.0,0.0
real,vin5,esq,1006,469094,0.06097129956217226,0.0,0.0,0.0,0.0,18.0,10.0,48.0,1.0
real,vin5,esq,1007,470419,0.061072281248422164,0.0,0.0,0.0,0.0,15.0,5.0,52.0,0.0
real,vin5,esq,1008,469846,0.060891956808690195,0.0,0.0,0.0,0.0,19.0,3.0,54.0,0.0
real,vin5,esq,1009,471127,0.06084867894315452,0.0,0.0,0.0,0.0,20.0,9.0,56.0,1.0
real,vin5,dir,1000,468627,0.06079097512244029,0.0,0.0,0.0,0.0,20.0,9.0,53.0,0.0
real,vin5,dir,1001,469334,0.061101133158779276,0.0,0.0,0.0,0.0,20.0,11.0,45.0,1.0
real,vin5,dir,1002,468822,0.06094966062940443,0.0,0.0,0.0,0.0,19.0,7.0,51.0,0.0
real,vin5,dir,1003,468318,0.061050642315654324,0.0,0.0,0.0,0.0,18.0,8.0,52.0,0.0
real,vin5,dir,1004,469140,0.06094966062940443,0.0,0.0,0.0,0.0,22.0,6.0,55.0,0.0
real,vin5,dir,1005,469960,0.06094244765181515,0.0,0.0,0.0,0.0,25.0,9.0,53.0,0.0
real,vin5,dir,1006,468853,0.061036216360475765,0.0,0.0,0.0,0.0,17.0,9.0,51.0,0.0
real,vin5,dir,1007,468893,0.06128867057610052,0.0,0.0,0.0,0.0,20.0,8.0,46.0,0.0
real,vin5,dir,1008,468979,0.06116604995708278,0.0,0.0,0.0,0.0,18.0,8.0,51.0,1.0
real,vin5,dir,1009,469969,0.060906382763868755,0.0,0.0,0.0,0.0,16.0,10.0,56.0,2.0
emb0,none,control,1000,0,0.0,0.0,0.0,0.0,0.0,0.0,0.0,0.0,0.0
emb0,none,control,1001,0,0.0,0.0,0.0,0.0,0.0,0.0,0.0,0.0,0.0
emb0,none,control,1002,0,0.0,0.0,0.0,0.0,0.0,0.0,0.0,0.0,0.0
emb0,none,control,1003,0,0.0,0.0,0.0,0.0,0.0,0.0,0.0,0.0,0.0
emb0,none,control,1004,0,0.0,0.0,0.0,0.0,0.0,0.0,0.0,0.0,0.0
emb0,none,control,1005,0,0.0,0.0,0.0,0.0,0.0,0.0,0.0,0.0,0.0
emb0,none,control,1006,0,0.0,0.0,0.0,0.0,0.0,0.0,0.0,0.0,0.0
emb0,none,control,1007,0,0.0,0.0,0.0,0.0,0.0,0.0,0.0,0.0,0.0
emb0,none,control,1008,0,0.0,0.0,0.0,0.0,0.0,0.0,0.0,0.0,0.0
emb0,none,control,1009,0,0.0,0.0,0.0,0.0,0.0,0.0,0.0,0.0,0.0
emb0,r20,sim,1000,2652,0.0011612893918738593,0.0,0.0,0.0,0.0,0.0,0.0,0.0,0.0
emb0,r20,sim,1001,2736,0.0011973542798202526,0.0,0.0,0.0,0.0,0.0,0.0,0.0,0.0
emb0,r20,sim,1002,2700,0.0011829283246416954,0.0,0.0,0.0,0.0,0.0,0.0,0.0,0.0
emb0,r20,sim,1003,2713,0.0011685023694631381,0.0,0.0,0.0,0.0,0.0,0.0,0.0,0.0
emb0,r20,sim,1004,2774,0.0011612893918738593,0.0,0.0,0.0,0.0,0.0,0.0,0.0,0.0
emb0,r20,sim,1005,2682,0.0011612893918738593,0.0,0.0,0.0,0.0,0.0,0.0,0.0,0.0
emb0,r20,sim,1006,2777,0.0011757153470524167,0.0,0.0,0.0,0.0,0.0,0.0,0.0,0.0
emb0,r20,sim,1007,2664,0.0011540764142845808,0.0,0.0,0.0,0.0,0.0,0.0,0.0,0.0
emb0,r20,sim,1008,2830,0.0012045672574095313,0.0,0.0,0.0,0.0,0.0,0.0,0.0,0.0
emb0,r20,sim,1009,2757,0.0011540764142845808,0.0,0.0,0.0,0.0,0.0,0.0,0.0,0.0
emb0,r50,sim,1000,7104,0.0018681611956231651,0.0,0.0,0.0,0.0,0.0,0.0,0.0,0.0
emb0,r50,sim,1001,7383,0.0020124207474087378,0.0,0.0,0.0,0.0,0.0,0.0,0.0,0.0
emb0,r50,sim,1002,7228,0.0019763558594623446,0.0,0.0,0.0,0.0,0.0,0.0,0.0,0.0
emb0,r50,sim,1003,7211,0.0019402909715159516,0.0,0.0,0.0,0.0,0.0,0.0,0.0,0.0
emb0,r50,sim,1004,7458,0.001983568837051623,0.0,0.0,0.0,0.0,0.0,0.0,0.0,0.0
emb0,r50,sim,1005,7040,0.001911439061158837,0.0,0.0,0.0,0.0,0.0,0.0,0.0,0.0
emb0,r50,sim,1006,7230,0.0019763558594623446,0.0,0.0,0.0,0.0,0.0,0.0,0.0,0.0
emb0,r50,sim,1007,7045,0.001969142881873066,0.0,0.0,0.0,0.0,0.0,0.0,0.0,0.0
emb0,r50,sim,1008,7223,0.001969142881873066,0.0,0.0,0.0,0.0,0.0,0.0,0.0,0.0
emb0,r50,sim,1009,7296,0.002034059680176574,0.0,0.0,0.0,0.0,0.0,0.0,0.0,0.0
emb0,r100,sim,1000,15840,0.002863552102943616,0.0,0.0,0.0,0.0,0.0,0.0,0.0,0.0
emb0,r100,sim,1001,15840,0.0028419131701757803,0.0,0.0,0.0,0.0,0.0,0.0,0.0,0.0
emb0,r100,sim,1002,15705,0.0028563391253543374,0.0,0.0,0.0,0.0,0.0,0.0,0.0,0.0
emb0,r100,sim,1003,15603,0.002820274237407944,0.0,0.0,0.0,0.0,0.0,0.0,0.0,0.0
emb0,r100,sim,1004,15939,0.002827487214997223,0.0,0.0,0.0,0.0,0.0,0.0,0.0,0.0
emb0,r100,sim,1005,15482,0.002870765080532895,0.0,0.0,0.0,0.0,0.0,0.0,0.0,0.0
emb0,r100,sim,1006,15656,0.002820274237407944,0.0,0.0,0.0,0.0,0.0,0.0,0.0,0.0
emb0,r100,sim,1007,15502,0.0027986353046401086,0.0,0.0,0.0,0.0,0.0,0.0,0.0,0.0
emb0,r100,sim,1008,15692,0.00279142232705083,0.0,0.0,0.0,0.0,0.0,0.0,0.0,0.0
emb0,r100,sim,1009,15962,0.002820274237407944,0.0,0.0,0.0,0.0,0.0,0.0,0.0,0.0
emb0,vin5,sim,1000,4495,0.00157964209205202,0.0,0.0,0.0,0.0,0.0,0.0,0.0,0.0
emb0,vin5,sim,1001,4687,0.0016878367558911995,0.0,0.0,0.0,0.0,0.0,0.0,0.0,0.0
emb0,vin5,sim,1002,4620,0.001637345912766249,0.0,0.0,0.0,0.0,0.0,0.0,0.0,0.0
emb0,vin5,sim,1003,4600,0.0016445588903555278,0.0,0.0,0.0,0.0,0.0,0.0,0.0,0.0
emb0,vin5,sim,1004,4724,0.0016878367558911995,0.0,0.0,0.0,0.0,0.0,0.0,0.0,0.0
emb0,vin5,sim,1005,4528,0.0016301329351769704,0.0,0.0,0.0,0.0,0.0,0.0,0.0,0.0
emb0,vin5,sim,1006,4639,0.0017022627110697566,0.0,0.0,0.0,0.0,0.0,0.0,0.0,0.0
emb0,vin5,sim,1007,4520,0.0016517718679448063,0.0,0.0,0.0,0.0,0.0,0.0,0.0,0.0
emb0,vin5,sim,1008,4752,0.0017311146214268713,0.0,0.0,0.0,0.0,0.0,0.0,0.0,0.0
emb0,vin5,sim,1009,4703,0.0017094756886590354,0.0,0.0,0.0,0.0,0.0,0.0,0.0,0.0
emb1,none,control,1000,0,0.0,0.0,0.0,0.0,0.0,0.0,0.0,0.0,0.0
emb1,none,control,1001,0,0.0,0.0,0.0,0.0,0.0,0.0,0.0,0.0,0.0
emb1,none,control,1002,0,0.0,0.0,0.0,0.0,0.0,0.0,0.0,0.0,0.0
emb1,none,control,1003,0,0.0,0.0,0.0,0.0,0.0,0.0,0.0,0.0,0.0
emb1,none,control,1004,0,0.0,0.0,0.0,0.0,0.0,0.0,0.0,0.0,0.0
emb1,none,control,1005,0,0.0,0.0,0.0,0.0,0.0,0.0,0.0,0.0,0.0
emb1,none,control,1006,0,0.0,0.0,0.0,0.0,0.0,0.0,0.0,0.0,0.0
emb1,none,control,1007,0,0.0,0.0,0.0,0.0,0.0,0.0,0.0,0.0,0.0
emb1,none,control,1008,0,0.0,0.0,0.0,0.0,0.0,0.0,0.0,0.0,0.0
emb1,none,control,1009,0,0.0,0.0,0.0,0.0,0.0,0.0,0.0,0.0,0.0
emb1,r20,sim,1000,2652,0.0011612893918738593,0.0,0.0,0.0,0.0,0.0,0.0,0.0,0.0
emb1,r20,sim,1001,2732,0.0011685023694631381,0.0,0.0,0.0,0.0,0.0,0.0,0.0,0.0
emb1,r20,sim,1002,2696,0.0011540764142845808,0.0,0.0,0.0,0.0,0.0,0.0,0.0,0.0
emb1,r20,sim,1003,2713,0.0011685023694631381,0.0,0.0,0.0,0.0,0.0,0.0,0.0,0.0
emb1,r20,sim,1004,2777,0.0011757153470524167,0.0,0.0,0.0,0.0,0.0,0.0,0.0,0.0
emb1,r20,sim,1005,2682,0.0011685023694631381,0.0,0.0,0.0,0.0,0.0,0.0,0.0,0.0
emb1,r20,sim,1006,2777,0.0011757153470524167,0.0,0.0,0.0,0.0,0.0,0.0,0.0,0.0
emb1,r20,sim,1007,2665,0.0011612893918738593,0.0,0.0,0.0,0.0,0.0,0.0,0.0,0.0
emb1,r20,sim,1008,2828,0.0011973542798202526,0.0,0.0,0.0,0.0,0.0,0.0,0.0,0.0
emb1,r20,sim,1009,2759,0.0011612893918738593,0.0,0.0,0.0,0.0,0.0,0.0,0.0,0.0
emb1,r50,sim,1000,7107,0.0018681611956231651,0.0,0.0,0.0,0.0,0.0,0.0,0.0,0.0
emb1,r50,sim,1001,7365,0.0019619299042837875,0.0,0.0,0.0,0.0,1.0,0.0,0.0,0.0
emb1,r50,sim,1002,7212,0.0019330779939266728,0.0,0.0,0.0,0.0,0.0,0.0,0.0,0.0
emb1,r50,sim,1003,7201,0.0019042260835695584,0.0,0.0,0.0,0.0,1.0,0.0,0.0,0.0
emb1,r50,sim,1004,7442,0.002026846702587295,0.0,0.0,0.0,0.0,0.0,0.0,0.0,0.0
emb1,r50,sim,1005,7029,0.0018393092852660507,0.0,0.0,0.0,0.0,0.0,0.0,0.0,0.0
emb1,r50,sim,1006,7237,0.0019763558594623446,0.0,0.0,0.0,0.0,0.0,0.0,0.0,0.0
emb1,r50,sim,1007,7035,0.001911439061158837,0.0,0.0,0.0,0.0,1.0,0.0,0.0,0.0
emb1,r50,sim,1008,7201,0.0019042260835695584,0.0,0.0,0.0,0.0,0.0,0.0,0.0,0.0
emb1,r50,sim,1009,7286,0.0019619299042837875,0.0,0.0,0.0,0.0,0.0,0.0,0.0,0.0
emb1,r100,sim,1000,15725,0.0027481444615151582,0.0,0.0,0.0,0.0,1.0,0.0,0.0,0.0
emb1,r100,sim,1001,15758,0.002726505528747322,0.0,0.0,0.0,0.0,2.0,0.0,0.0,0.0
emb1,r100,sim,1002,15634,0.0027842093494615514,0.0,0.0,0.0,0.0,3.0,0.0,0.0,0.0
emb1,r100,sim,1003,15494,0.002755357439104437,0.0,0.0,0.0,0.0,3.0,0.0,0.0,0.0
emb1,r100,sim,1004,15876,0.002870765080532895,0.0,0.0,0.0,0.0,0.0,0.0,0.0,0.0
emb1,r100,sim,1005,15416,0.0028347001925865018,0.0,0.0,0.0,0.0,5.0,0.0,0.0,0.0
emb1,r100,sim,1006,15616,0.0028563391253543374,0.0,0.0,0.0,0.0,1.0,0.0,0.0,0.0
emb1,r100,sim,1007,15438,0.0027192925511580436,0.0,0.0,0.0,0.0,3.0,0.0,0.0,0.0
emb1,r100,sim,1008,15615,0.002712079573568765,0.0,0.0,0.0,0.0,2.0,0.0,0.0,0.0
emb1,r100,sim,1009,15903,0.002885191035711452,0.0,0.0,0.0,0.0,2.0,0.0,0.0,0.0
emb1,vin5,sim,1000,4491,0.00157964209205202,0.0,0.0,0.0,0.0,0.0,0.0,0.0,0.0
emb1,vin5,sim,1001,4675,0.0016517718679448063,0.0,0.0,0.0,0.0,0.0,0.0,0.0,0.0
emb1,vin5,sim,1002,4621,0.0016589848455340849,0.0,0.0,0.0,0.0,0.0,0.0,0.0,0.0
emb1,vin5,sim,1003,4589,0.0016084940024091345,0.0,0.0,0.0,0.0,0.0,0.0,0.0,0.0
emb1,vin5,sim,1004,4714,0.0016734108007126422,0.0,0.0,0.0,0.0,0.0,0.0,0.0,0.0
emb1,vin5,sim,1005,4523,0.0015868550696412987,0.0,0.0,0.0,0.0,0.0,0.0,0.0,0.0
emb1,vin5,sim,1006,4643,0.0016806237783019208,0.0,0.0,0.0,0.0,0.0,0.0,0.0,0.0
emb1,vin5,sim,1007,4512,0.0016445588903555278,0.0,0.0,0.0,0.0,0.0,0.0,0.0,0.0
emb1,vin5,sim,1008,4737,0.001716688666248314,0.0,0.0,0.0,0.0,0.0,0.0,0.0,0.0
emb1,vin5,sim,1009,4704,0.001716688666248314,0.0,0.0,0.0,0.0,0.0,0.0,0.0,0.0
emb2,none,control,1000,0,0.0,0.0,0.0,0.0,0.0,0.0,0.0,0.0,0.0
emb2,none,control,1001,0,0.0,0.0,0.0,0.0,0.0,0.0,0.0,0.0,0.0
emb2,none,control,1002,0,0.0,0.0,0.0,0.0,0.0,0.0,0.0,0.0,0.0
emb2,none,control,1003,0,0.0,0.0,0.0,0.0,0.0,0.0,0.0,0.0,0.0
emb2,none,control,1004,0,0.0,0.0,0.0,0.0,0.0,0.0,0.0,0.0,0.0
emb2,none,control,1005,0,0.0,0.0,0.0,0.0,0.0,0.0,0.0,0.0,0.0
emb2,none,control,1006,0,0.0,0.0,0.0,0.0,0.0,0.0,0.0,0.0,0.0
emb2,none,control,1007,0,0.0,0.0,0.0,0.0,0.0,0.0,0.0,0.0,0.0
emb2,none,control,1008,0,0.0,0.0,0.0,0.0,0.0,0.0,0.0,0.0,0.0
emb2,none,control,1009,0,0.0,0.0,0.0,0.0,0.0,0.0,0.0,0.0,0.0
emb2,r20,sim,1000,2653,0.0011685023694631381,0.0,0.0,0.0,0.0,0.0,0.0,0.0,0.0
emb2,r20,sim,1001,2730,0.0011540764142845808,0.0,0.0,0.0,0.0,0.0,0.0,0.0,0.0
emb2,r20,sim,1002,2696,0.0011540764142845808,0.0,0.0,0.0,0.0,0.0,0.0,0.0,0.0
emb2,r20,sim,1003,2714,0.0011757153470524167,0.0,0.0,0.0,0.0,0.0,0.0,0.0,0.0
emb2,r20,sim,1004,2776,0.0011685023694631381,0.0,0.0,0.0,0.0,0.0,0.0,0.0,0.0
emb2,r20,sim,1005,2681,0.0011612893918738593,0.0,0.0,0.0,0.0,0.0,0.0,0.0,0.0
emb2,r20,sim,1006,2778,0.0011829283246416954,0.0,0.0,0.0,0.0,0.0,0.0,0.0,0.0
emb2,r20,sim,1007,2664,0.0011540764142845808,0.0,0.0,0.0,0.0,0.0,0.0,0.0,0.0
emb2,r20,sim,1008,2827,0.0011829283246416954,0.0,0.0,0.0,0.0,0.0,0.0,0.0,0.0
emb2,r20,sim,1009,2759,0.0011685023694631381,0.0,0.0,0.0,0.0,0.0,0.0,0.0,0.0
emb2,r50,sim,1000,7118,0.001889800128391001,0.0,0.0,0.0,0.0,0.0,0.0,0.0,0.0
emb2,r50,sim,1001,7378,0.001969142881873066,0.0,0.0,0.0,0.0,0.0,0.0,0.0,0.0
emb2,r50,sim,1002,7227,0.0019402909715159516,0.0,0.0,0.0,0.0,0.0,0.0,0.0,0.0
emb2,r50,sim,1003,7213,0.0019475039491052301,0.0,0.0,0.0,0.0,0.0,0.0,0.0,0.0
emb2,r50,sim,1004,7434,0.0019258650163373942,0.0,0.0,0.0,0.0,0.0,0.0,0.0,0.0
emb2,r50,sim,1005,7029,0.0018320963076767722,0.0,0.0,0.0,0.0,0.0,0.0,0.0,0.0
emb2,r50,sim,1006,7232,0.001990781814640902,0.0,0.0,0.0,0.0,0.0,0.0,0.0,0.0
emb2,r50,sim,1007,7032,0.001875374173212444,0.0,0.0,0.0,0.0,0.0,0.0,0.0,0.0
emb2,r50,sim,1008,7207,0.001889800128391001,0.0,0.0,0.0,0.0,0.0,0.0,0.0,0.0
emb2,r50,sim,1009,7298,0.0019475039491052301,0.0,0.0,0.0,0.0,0.0,0.0,0.0,0.0
emb2,r100,sim,1000,15710,0.002755357439104437,0.0,0.0,0.0,0.0,0.0,0.0,0.0,0.0
emb2,r100,sim,1001,15736,0.0026976536183902075,0.0,0.0,0.0,0.0,0.0,0.0,0.0,0.0
emb2,r100,sim,1002,15593,0.0026976536183902075,0.0,0.0,0.0,0.0,0.0,0.0,0.0,0.0
emb2,r100,sim,1003,15499,0.0027048665959794865,0.0,0.0,0.0,0.0,0.0,0.0,0.0,0.0
emb2,r100,sim,1004,15803,0.0027192925511580436,0.0,0.0,0.0,0.0,0.0,0.0,0.0,0.0
emb2,r100,sim,1005,15388,0.0027769963718722725,0.0,0.0,0.0,0.0,0.0,0.0,0.0,0.0
emb2,r100,sim,1006,15590,0.0027625704166937153,0.0,0.0,0.0,0.0,0.0,0.0,0.0,0.0
emb2,r100,sim,1007,15426,0.0027337185063366007,0.0,0.0,0.0,0.0,0.0,0.0,0.0,0.0
emb2,r100,sim,1008,15573,0.002726505528747322,0.0,0.0,0.0,0.0,0.0,0.0,0.0,0.0
emb2,r100,sim,1009,15836,0.002712079573568765,0.0,0.0,0.0,0.0,0.0,0.0,0.0,0.0
emb2,vin5,sim,1000,4500,0.0015724291144627413,0.0,0.0,0.0,0.0,0.0,0.0,0.0,0.0
emb2,vin5,sim,1001,4682,0.0016734108007126422,0.0,0.0,0.0,0.0,0.0,0.0,0.0,0.0
emb2,vin5,sim,1002,4626,0.0016517718679448063,0.0,0.0,0.0,0.0,0.0,0.0,0.0,0.0
emb2,vin5,sim,1003,4594,0.0016445588903555278,0.0,0.0,0.0,0.0,0.0,0.0,0.0,0.0
emb2,vin5,sim,1004,4719,0.0016661978231233636,0.0,0.0,0.0,0.0,0.0,0.0,0.0,0.0
emb2,vin5,sim,1005,4528,0.0016229199575876919,0.0,0.0,0.0,0.0,0.0,0.0,0.0,0.0
emb2,vin5,sim,1006,4642,0.0017022627110697566,0.0,0.0,0.0,0.0,0.0,0.0,0.0,0.0
emb2,vin5,sim,1007,4502,0.0016012810248198558,0.0,0.0,0.0,0.0,0.0,0.0,0.0,0.0
emb2,vin5,sim,1008,4741,0.0017239016438375925,0.0,0.0,0.0,0.0,0.0,0.0,0.0,0.0
emb2,vin5,sim,1009,4714,0.0017239016438375925,0.0,0.0,0.0,0.0,0.0,0.0,0.0,0.0
emb3,none,control,1000,0,0.0,0.0,0.0,0.0,0.0,0.0,0.0,0.0,0.0
emb3,none,control,1001,0,0.0,0.0,0.0,0.0,0.0,0.0,0.0,0.0,0.0
emb3,none,control,1002,0,0.0,0.0,0.0,0.0,0.0,0.0,0.0,0.0,0.0
emb3,none,control,1003,0,0.0,0.0,0.0,0.0,0.0,0.0,0.0,0.0,0.0
emb3,none,control,1004,0,0.0,0.0,0.0,0.0,0.0,0.0,0.0,0.0,0.0
emb3,none,control,1005,0,0.0,0.0,0.0,0.0,0.0,0.0,0.0,0.0,0.0
emb3,none,control,1006,0,0.0,0.0,0.0,0.0,0.0,0.0,0.0,0.0,0.0
emb3,none,control,1007,0,0.0,0.0,0.0,0.0,0.0,0.0,0.0,0.0,0.0
emb3,none,control,1008,0,0.0,0.0,0.0,0.0,0.0,0.0,0.0,0.0,0.0
emb3,none,control,1009,0,0.0,0.0,0.0,0.0,0.0,0.0,0.0,0.0,0.0
emb3,r20,sim,1000,2652,0.0011612893918738593,0.0,0.0,0.0,0.0,0.0,0.0,0.0,0.0
emb3,r20,sim,1001,2730,0.0011540764142845808,0.0,0.0,0.0,0.0,0.0,0.0,0.0,0.0
emb3,r20,sim,1002,2696,0.0011540764142845808,0.0,0.0,0.0,0.0,0.0,0.0,0.0,0.0
emb3,r20,sim,1003,2715,0.0011829283246416954,0.0,0.0,0.0,0.0,0.0,0.0,0.0,0.0
emb3,r20,sim,1004,2774,0.0011612893918738593,0.0,0.0,0.0,0.0,0.0,0.0,0.0,0.0
emb3,r20,sim,1005,2682,0.0011612893918738593,0.0,0.0,0.0,0.0,0.0,0.0,0.0,0.0
emb3,r20,sim,1006,2777,0.0011685023694631381,0.0,0.0,0.0,0.0,0.0,0.0,0.0,0.0
emb3,r20,sim,1007,2664,0.0011540764142845808,0.0,0.0,0.0,0.0,0.0,0.0,0.0,0.0
emb3,r20,sim,1008,2827,0.0011829283246416954,0.0,0.0,0.0,0.0,0.0,0.0,0.0,0.0
emb3,r20,sim,1009,2757,0.0011540764142845808,0.0,0.0,0.0,0.0,0.0,0.0,0.0,0.0
emb3,r50,sim,1000,7109,0.0018465222628553293,0.0,0.0,0.0,0.0,0.0,0.0,0.0,0.0
emb3,r50,sim,1001,7356,0.0019475039491052301,0.0,0.0,0.0,0.0,0.0,0.0,0.0,0.0
emb3,r50,sim,1002,7211,0.0019042260835695584,0.0,0.0,0.0,0.0,0.0,0.0,0.0,0.0
emb3,r50,sim,1003,7208,0.0018970131059802798,0.0,0.0,0.0,0.0,0.0,0.0,0.0,0.0
emb3,r50,sim,1004,7428,0.0019042260835695584,0.0,0.0,0.0,0.0,0.0,0.0,0.0,0.0
emb3,r50,sim,1005,7023,0.0018393092852660507,0.0,0.0,0.0,0.0,0.0,0.0,0.0,0.0
emb3,r50,sim,1006,7219,0.0019330779939266728,0.0,0.0,0.0,0.0,0.0,0.0,0.0,0.0
emb3,r50,sim,1007,7021,0.001875374173212444,0.0,0.0,0.0,0.0,0.0,0.0,0.0,0.0
emb3,r50,sim,1008,7187,0.0018681611956231651,0.0,0.0,0.0,0.0,0.0,0.0,0.0,0.0
emb3,r50,sim,1009,7285,0.0019619299042837875,0.0,0.0,0.0,0.0,0.0,0.0,0.0,0.0
emb3,r100,sim,1000,15701,0.0027481444615151582,0.0,0.0,0.0,0.0,0.0,0.0,0.0,0.0
emb3,r100,sim,1001,15724,0.0027769963718722725,0.0,0.0,0.0,0.0,0.0,0.0,0.0,0.0
emb3,r100,sim,1002,15626,0.0027409314839258792,0.0,0.0,0.0,0.0,0.0,0.0,0.0,0.0
emb3,r100,sim,1003,15475,0.002726505528747322,0.0,0.0,0.0,0.0,0.0,0.0,0.0,0.0
emb3,r100,sim,1004,15815,0.0027048665959794865,0.0,0.0,0.0,0.0,0.0,0.0,0.0,0.0
emb3,r100,sim,1005,15379,0.0026976536183902075,0.0,0.0,0.0,0.0,0.0,0.0,0.0,0.0
emb3,r100,sim,1006,15581,0.0028130612598186657,0.0,0.0,0.0,0.0,0.0,0.0,0.0,0.0
emb3,r100,sim,1007,15400,0.002676014685622372,0.0,0.0,0.0,0.0,0.0,0.0,0.0,0.0
emb3,r100,sim,1008,15571,0.0026832276632116504,0.0,0.0,0.0,0.0,0.0,0.0,0.0,0.0
emb3,r100,sim,1009,15840,0.0027481444615151582,0.0,0.0,0.0,0.0,0.0,0.0,0.0,0.0
emb3,vin5,sim,1000,4492,0.0015652161368734628,0.0,0.0,0.0,0.0,0.0,0.0,0.0,0.0
emb3,vin5,sim,1001,4671,0.0016445588903555278,0.0,0.0,0.0,0.0,0.0,0.0,0.0,0.0
emb3,vin5,sim,1002,4612,0.0016229199575876919,0.0,0.0,0.0,0.0,0.0,0.0,0.0,0.0
emb3,vin5,sim,1003,4591,0.0016012810248198558,0.0,0.0,0.0,0.0,0.0,0.0,0.0,0.0
emb3,vin5,sim,1004,4710,0.001637345912766249,0.0,0.0,0.0,0.0,0.0,0.0,0.0,0.0
emb3,vin5,sim,1005,4519,0.0015868550696412987,0.0,0.0,0.0,0.0,0.0,0.0,0.0,0.0
emb3,vin5,sim,1006,4632,0.0016517718679448063,0.0,0.0,0.0,0.0,0.0,0.0,0.0,0.0
emb3,vin5,sim,1007,4500,0.0015868550696412987,0.0,0.0,0.0,0.0,0.0,0.0,0.0,0.0
emb3,vin5,sim,1008,4727,0.0016878367558911995,0.0,0.0,0.0,0.0,0.0,0.0,0.0,0.0
emb3,vin5,sim,1009,4698,0.001716688666248314,0.0,0.0,0.0,0.0,0.0,0.0,0.0,0.0
emb4,none,control,1000,0,0.0,0.0,0.0,0.0,0.0,0.0,0.0,0.0,0.0
emb4,none,control,1001,0,0.0,0.0,0.0,0.0,0.0,0.0,0.0,0.0,0.0
emb4,none,control,1002,0,0.0,0.0,0.0,0.0,0.0,0.0,0.0,0.0,0.0
emb4,none,control,1003,0,0.0,0.0,0.0,0.0,0.0,0.0,0.0,0.0,0.0
emb4,none,control,1004,0,0.0,0.0,0.0,0.0,0.0,0.0,0.0,0.0,0.0
emb4,none,control,1005,0,0.0,0.0,0.0,0.0,0.0,0.0,0.0,0.0,0.0
emb4,none,control,1006,0,0.0,0.0,0.0,0.0,0.0,0.0,0.0,0.0,0.0
emb4,none,control,1007,0,0.0,0.0,0.0,0.0,0.0,0.0,0.0,0.0,0.0
emb4,none,control,1008,0,0.0,0.0,0.0,0.0,0.0,0.0,0.0,0.0,0.0
emb4,none,control,1009,0,0.0,0.0,0.0,0.0,0.0,0.0,0.0,0.0,0.0
emb4,r20,sim,1000,2655,0.0011829283246416954,0.0,0.0,0.0,0.0,0.0,0.0,0.0,0.0
emb4,r20,sim,1001,2734,0.0011829283246416954,0.0,0.0,0.0,0.0,0.0,0.0,0.0,0.0
emb4,r20,sim,1002,2696,0.0011540764142845808,0.0,0.0,0.0,0.0,0.0,0.0,0.0,0.0
emb4,r20,sim,1003,2717,0.0011829283246416954,0.0,0.0,0.0,0.0,0.0,0.0,0.0,0.0
emb4,r20,sim,1004,2775,0.0011685023694631381,0.0,0.0,0.0,0.0,0.0,0.0,0.0,0.0
emb4,r20,sim,1005,2681,0.0011612893918738593,0.0,0.0,0.0,0.0,0.0,0.0,0.0,0.0
emb4,r20,sim,1006,2778,0.0011829283246416954,0.0,0.0,0.0,0.0,0.0,0.0,0.0,0.0
emb4,r20,sim,1007,2664,0.0011540764142845808,0.0,0.0,0.0,0.0,0.0,0.0,0.0,0.0
emb4,r20,sim,1008,2828,0.001190141302230974,0.0,0.0,0.0,0.0,0.0,0.0,0.0,0.0
emb4,r20,sim,1009,2781,0.001305548943659432,0.0,0.0,0.0,0.0,0.0,0.0,0.0,0.0
emb4,r50,sim,1000,7160,0.0019186520387481157,0.0,0.0,0.0,0.0,0.0,0.0,0.0,0.0
emb4,r50,sim,1001,7419,0.0020556986129444095,0.0,0.0,0.0,0.0,0.0,0.0,0.0,0.0
emb4,r50,sim,1002,7266,0.001990781814640902,0.0,0.0,0.0,0.0,0.0,0.0,0.0,0.0
emb4,r50,sim,1003,7258,0.001983568837051623,0.0,0.0,0.0,0.0,0.0,0.0,0.0,0.0
emb4,r50,sim,1004,7478,0.0019763558594623446,0.0,0.0,0.0,0.0,0.0,0.0,0.0,0.0
emb4,r50,sim,1005,7049,0.0018609482180338866,0.0,0.0,0.0,0.0,0.0,0.0,0.0,0.0
emb4,r50,sim,1006,7282,0.0020556986129444095,0.0,0.0,0.0,0.0,0.0,0.0,0.0,0.0
emb4,r50,sim,1007,7072,0.0019763558594623446,0.0,0.0,0.0,0.0,0.0,0.0,0.0,0.0
emb4,r50,sim,1008,7245,0.0019619299042837875,0.0,0.0,0.0,0.0,0.0,0.0,0.0,0.0
emb4,r50,sim,1009,7336,0.00210618945606936,0.0,0.0,0.0,0.0,0.0,0.0,0.0,0.0
emb4,r100,sim,1000,16036,0.003043876542675582,0.0,0.0,0.0,0.0,0.0,0.0,0.0,0.0
emb4,r100,sim,1001,15957,0.002978959744372074,0.0,0.0,0.0,0.0,0.0,0.0,0.0,0.0
emb4,r100,sim,1002,15957,0.0030943673858005324,0.0,0.0,0.0,0.0,0.0,0.0,0.0,0.0
emb4,r100,sim,1003,15848,0.003058302497854139,0.0,0.0,0.0,0.0,0.0,0.0,0.0,0.0
emb4,r100,sim,1004,16151,0.0030799414306219752,0.0,0.0,0.0,0.0,0.0,0.0,0.0,0.0
emb4,r100,sim,1005,15687,0.0030799414306219752,0.0,0.0,0.0,0.0,0.0,0.0,0.0,0.0
emb4,r100,sim,1006,15963,0.0031448582289254827,0.0,0.0,0.0,0.0,0.0,0.0,0.0,0.0
emb4,r100,sim,1007,15733,0.003043876542675582,0.0,0.0,0.0,0.0,0.0,0.0,0.0,0.0
emb4,r100,sim,1008,15875,0.0030366635650863035,0.0,0.0,0.0,0.0,0.0,0.0,0.0,0.0
emb4,r100,sim,1009,16280,0.003195349072050433,0.0,0.0,0.0,0.0,0.0,0.0,0.0,0.0
emb4,vin5,sim,1000,4522,0.0016084940024091345,0.0,0.0,0.0,0.0,0.0,0.0,0.0,0.0
emb4,vin5,sim,1001,4701,0.0017022627110697566,0.0,0.0,0.0,0.0,0.0,0.0,0.0,0.0
emb4,vin5,sim,1002,4641,0.0017094756886590354,0.0,0.0,0.0,0.0,0.0,0.0,0.0,0.0
emb4,vin5,sim,1003,4617,0.0016734108007126422,0.0,0.0,0.0,0.0,0.0,0.0,0.0,0.0
emb4,vin5,sim,1004,4736,0.0016878367558911995,0.0,0.0,0.0,0.0,0.0,0.0,0.0,0.0
emb4,vin5,sim,1005,4538,0.0016517718679448063,0.0,0.0,0.0,0.0,0.0,0.0,0.0,0.0
emb4,vin5,sim,1006,4655,0.001716688666248314,0.0,0.0,0.0,0.0,0.0,0.0,0.0,0.0
emb4,vin5,sim,1007,4521,0.0016445588903555278,0.0,0.0,0.0,0.0,0.0,0.0,0.0,0.0
emb4,vin5,sim,1008,4759,0.0017816054645518216,0.0,0.0,0.0,0.0,0.0,0.0,0.0,0.0
emb4,vin5,sim,1009,4733,0.001853735240444608,0.0,0.0,0.0,0.0,0.0,0.0,0.0,0.0
