run,mn_rate_median,mn_rate_p90,mn_frac_active,act_group_mean_median,frac_groups_saturated,lf_ThC_amp_ratio,lf_CTr_amp_ratio,lf_FTi_amp_ratio,lm_ThC_amp_ratio,lm_CTr_amp_ratio,lm_FTi_amp_ratio,lh_ThC_amp_ratio,lh_CTr_amp_ratio,lh_FTi_amp_ratio,rf_ThC_amp_ratio,rf_CTr_amp_ratio,rf_FTi_amp_ratio,rm_ThC_amp_ratio,rm_CTr_amp_ratio,rm_FTi_amp_ratio,rh_ThC_amp_ratio,rh_CTr_amp_ratio,rh_FTi_amp_ratio
closed_G2_DNp09_DNa01_DNa02_s1_c00_7000,0.0,3.0,0.16624040920716113,4.6419158532608475e-12,0.0,37.143725509320205,13.593036501015863,4.32309913410558,1.4681277688854264,2.6638024848393433,2.739727064394985,1.8648063787185483,3.0126966611651844,1.3056394852381035,25.13739345606642,6.438191464506245,0.7741251949952457,5.135756034403212,8.324525413860625,7.549261447575808,2.655190904340727,3.81157294119285,15.835681998487155
closed_G2_DNp09_DNa01_DNa02_s1_c00_7001,0.0,2.0,0.16624040920716113,1.0093454017312442e-05,0.0,8.842561130110914,7.1469226171779665,1.7380812114957747,3.6112384109127476,2.702789045991147,11.481438923443664,3.6037541314443535,2.0593097088705705,11.64784227940318,2.456037335809176,1.76939772168248,0.2008228155841162,5.176490107122177,7.31514116153662,1.6244274192586987,4.693714275900343,0.817689673640061,16.706127220215905
closed_G2_DNp09_DNa01_DNa02_s1_c00_7002,0.0,6.0,0.1918158567774936,0.0,0.0,36.623551364892585,46.31358580846822,3.8232936983819488,6.401893178812637,5.645505501969463,1.088556209908197,2.3692335337296426,6.014767655985589,1.4526416288780397,47.54669743625964,33.62943995644481,0.5894507793125381,6.726208489382681,7.447293472430207,13.974756021366975,1.3792118803393998,1.845166965173362,16.882118303569506
closed_G2_DNp09_DNa01_DNa02_s1_c00_7003,0.0,3.3333333333333335,0.1585677749360614,0.0,0.0,2.251961086161808,19.6827703074282,3.322718046357466,2.641198528184973,4.775187007363763,1.8058444200980046,1.5778574915597392,2.2762785351190487,9.479745796336948,40.68338289520505,15.854164521197042,1.1641781023554902,2.675413110861185,8.638797360404798,1.2719524702425,1.114270743006697,1.3150653209463838,18.93151385428899
closed_G2_DNp09_DNa01_DNa02_s1_c00_7004,0.0,4.0,0.1636828644501279,0.0,0.0,1.8918443847086421,21.13193452470423,2.924063670854067,2.1031961624259083,7.834095156637864,2.2359263797423337,2.846705907491335,3.6894043666000056,9.984863513226356,29.39930435121925,12.73624816717496,1.3506364941409224,1.6973141670968948,5.601028881345266,12.375578710082817,1.1351612319471367,1.0093683901916517,15.939164247082267
closed_G2_DNp09_DNa01_DNa02_s1_c01_7000,0.0,3.3333333333333335,0.16112531969309463,4.594793620160649e-13,0.0,43.559890792919525,15.38496833640889,4.640281974561994,1.9454783788358083,2.6950759681519063,2.8752677882659334,1.3796602765072954,2.8427683384968314,15.704008266523442,22.762050836064873,6.067240701046518,0.5988680964026714,1.888099406673526,6.202062923024915,0.9726883873528961,2.200452138878975,3.148552354256261,13.55176084108756
closed_G2_DNp09_DNa01_DNa02_s1_c01_7001,0.0,2.3333333333333335,0.1636828644501279,3.4856909554701047e-10,0.0,9.262516586935275,6.234611626008538,1.8523167003969505,1.991561706925036,2.172988638834242,6.725199312730839,2.004907186337925,2.6605778638075637,15.290134390337895,1.091561159064133,2.079648674881799,0.14511178214334705,5.345569889662873,6.811446677348388,15.42661670262642,2.9604556909272906,3.389309818041519,15.165733737321142
closed_G2_DNp09_DNa01_DNa02_s1_c01_7002,0.0,7.0,0.18925831202046037,0.0,0.0,40.08520019907236,51.21829481269474,4.172470034374682,3.622281363219851,6.0300851667583295,1.654642128592366,3.6781889859206864,6.451640122605953,14.073408057569226,50.30129336718625,34.96002165899908,0.9476642483369327,5.873679235993238,8.539832347860193,20.90345834640698,0.8227632505886645,0.9630051968928044,15.813465768765091
closed_G2_DNp09_DNa01_DNa02_s1_c01_7003,0.0,3.6666666666666665,0.16879795396419436,0.0,0.0,3.0154609618432477,20.87493368607424,3.4395947488605625,4.249333164783446,5.756898542282319,1.3992059118935236,3.919512898419028,3.4789180658371275,13.641069887104514,35.85985423211937,15.148432186347774,1.1355934273275077,2.157452736305047,8.429928589156575,1.2310792553683918,1.1561901563025265,1.1602441569362947,15.17185490538619
closed_G2_DNp09_DNa01_DNa02_s1_c01_7004,0.0,4.666666666666667,0.16112531969309463,0.0,0.0,2.855763560479287,25.20247943536073,3.566500346298067,2.4722311825121364,7.813337797421686,6.429194298765554,2.261483543269337,4.690774196418808,15.753217584084275,32.24094652713005,11.027547723666652,0.4182415551001146,2.002657302996671,6.865411974264682,13.91349917875216,0.8835618814651411,0.9823143343357388,15.989717208255229
closed_G2_DNp09_DNa01_DNa02_s1_c10_7000,0.0,2.6666666666666665,0.17135549872122763,3.8364259736611624e-10,0.0,38.19050804403476,7.215239312755114,4.0397629895548794,6.4637834386271615,2.321648161972729,0.7676066048346001,2.765374117024781,2.6091284125328404,3.5033898303040827,21.852187698201487,8.182102131585594,4.067189698790041,2.8249400741586124,5.655946721735365,1.249367810562416,0.5548639491925348,0.23055154925277674,0.07960981087975644
closed_G2_DNp09_DNa01_DNa02_s1_c10_7001,0.0,1.3333333333333333,0.1867007672634271,8.34092592622808e-05,0.0,7.74176167924459,1.3118453644841408,2.4680445705926397,3.2852429070435956,1.7807402093997524,0.5188531251741212,1.3175653843506496,2.451563672233524,0.3844115357644975,3.3472386082682513,6.452509186314958,2.758326249220264,5.019792373345488,6.630869063063183,1.9175066124175482,0.5881813460675811,0.12207743759800768,0.13704374051046797
closed_G2_DNp09_DNa01_DNa02_s1_c10_7002,0.0,9.0,0.22250639386189258,1.849302656237845e-11,0.0,32.702086894432696,37.507168290264374,4.483074993411355,2.0205060929666443,3.6371159506155895,0.42412895524249644,2.1795495938777556,13.162877094352698,0.3108413463910934,51.58555392129008,33.87915636637747,1.7825328515213061,7.679661096428234,4.684686472259912,1.9934220460241068,3.3541051754389644,9.468239686254673,1.0141488293209426
closed_G2_DNp09_DNa01_DNa02_s1_c10_7003,0.0,4.0,0.2071611253196931,0.0003333333333317667,0.0,1.927083482692719,21.68404658815122,3.6361538373393283,0.965208613731906,1.1990955826976155,0.4972437753951061,9.355369723257676,12.733640982367168,1.0344034445919061,30.042521756039353,23.297665889165533,3.2855219034234224,4.833112261020685,6.791832564822035,1.994889631227177,0.454552288965147,0.5092029257374737,0.4234103926205072
closed_G2_DNp09_DNa01_DNa02_s1_c10_7004,0.0,4.666666666666667,0.2020460358056266,0.0004444448304359187,0.0,2.709333356585303,17.45450102781736,3.580825502856401,2.793032693336424,2.998290098044881,0.5133679806809247,6.499420842968537,11.943619949539015,0.8448160648907275,31.214464180927415,22.942221270806847,4.3832156620170535,6.396725160939,7.091975710683695,4.8630661659191015,2.3398953574019,9.317655980921263,0.7778125903510379
closed_G2_DNp09_DNa01_DNa02_s1_c11_7000,0.0,1.6666666666666667,0.17135549872122763,8.361640743952871e-05,0.0,33.38567388395716,7.145953456186616,4.386911171038028,1.8861640479267372,1.3913527786488564,0.6044010160333849,2.499771046353276,1.2138196784898923,2.2978620679632655,22.008683284758426,8.494291606422987,3.965356672993802,3.315599044818777,5.958360605360154,1.8373115536117541,1.0071828089010635,0.1576040151053357,0.2590001372365013
closed_G2_DNp09_DNa01_DNa02_s1_c11_7001,0.0,1.3333333333333333,0.17391304347826086,5.514976019397414e-05,0.0,3.4472552541372883,2.8182951898764754,3.2400643151349273,6.524163670603919,2.697505594757064,0.8045544593641799,2.113263344946809,1.9871250885297211,1.069778149647081,2.158750908302461,5.1653098507298845,2.2929976827423126,8.064179858825344,7.489256065349567,5.884710531938245,0.3173986287881735,0.08658851464537842,0.1266813378537944
closed_G2_DNp09_DNa01_DNa02_s1_c11_7002,0.0,5.0,0.2071611253196931,1.7607786952114866e-11,0.0,31.250905756556815,34.080778747574826,3.7317562705695666,1.7222811442109214,3.4206423239683357,0.530500341541712,2.062630357831937,5.788328452482513,0.7757778749755748,47.93842307531949,35.85480878205336,1.7690488040950194,8.463155168073934,5.650088959827288,1.4836637525389211,0.3475524221783243,0.698828894528577,0.21112595231531775
closed_G2_DNp09_DNa01_DNa02_s1_c11_7003,0.0,3.3333333333333335,0.17135549872122763,1.0670404620067525e-08,0.0,2.802784246802583,16.73293971552932,3.3326296112764346,2.008617467227853,1.5847436468038405,0.43605244953848277,5.8462617883794605,11.518894039032578,0.42537658483241,30.953847409430093,23.109928214034916,3.3323630046763615,1.8884051028369124,5.395041046187137,1.8711371967954922,0.36280762336730044,0.4370292175420155,0.29123252494306495
closed_G2_DNp09_DNa01_DNa02_s1_c11_7004,0.0,4.666666666666667,0.21739130434782608,0.00016666742354156918,0.0,2.5607639200093497,19.288064262876357,3.028717187659536,1.7408626502269942,3.906684942601836,0.510678056519786,7.005513307314179,14.089190013263533,1.1275162291885483,22.531453203782778,21.93526373874422,4.364852364887883,5.29230513114663,7.807161829703524,3.7232762985627343,4.75213787549088,7.840965887096989,1.0466397876824278
closed_G2_DNp09_DNa01_DNa02_s2_c00_7000,0.0,21.0,0.26854219948849106,0.00030555562851549973,0.0,60.422317401575036,65.32243806701787,1.816706175353942,5.406400922265474,6.114892934537031,10.58852348961599,6.884832818902731,15.652397829373504,29.27979456536128,62.48768167896383,3.1963254655135116,14.08499427385294,3.410166395782994,11.314348248538403,44.67633643334038,6.298539232720046,12.836227030935449,34.457009339194926
closed_G2_DNp09_DNa01_DNa02_s2_c00_7001,0.0,18.0,0.29411764705882354,0.0006515151515605446,0.0,13.255947493100345,38.98115135462313,7.858091487971408,5.462209944618655,7.671372034185318,15.09048498146138,3.184682053387096,11.406579731245628,20.118726679064846,33.984334143394015,1.6930708944491084,12.520028366377003,10.389660071914731,8.169728558930656,44.83012424278275,1.849487399365643,12.545712534345942,32.46799633092056
closed_G2_DNp09_DNa01_DNa02_s2_c00_7002,0.0,26.666666666666668,0.27621483375959077,0.00020171552875665417,0.0,51.0222957865703,88.9658991091031,0.868440981331518,8.281182073922068,6.673918070576668,20.252059156378685,1.1699444387132272,7.147049340275057,23.754112998063505,79.96766901570724,31.210564418492066,9.646367507726678,6.900235721465392,6.170320238936478,48.566627759445794,3.5107241984231456,12.38376573193002,31.756023903530966
closed_G2_DNp09_DNa01_DNa02_s2_c00_7003,0.0,20.666666666666668,0.28388746803069054,0.0006125311616177157,0.0,7.508956892962701,58.918119379447795,6.19642783706915,7.048031112090607,4.646123095599595,8.204620853444291,6.638465871272491,9.50076189088478,23.11133709214272,61.217664691429576,20.54005566201537,13.909240321586601,3.3887584501466943,7.3416907809812955,51.569596191787404,8.429944230924349,8.7431224447603,26.837802948719396
closed_G2_DNp09_DNa01_DNa02_s2_c00_7004,0.0,20.0,0.2608695652173913,7.575850727039541e-05,0.0,11.360480453713878,69.16069688891274,6.529920615710195,2.5863987945256603,11.718682612030932,6.972543556985074,1.9566186985944074,16.44962755760606,24.24317022758611,61.8562979037106,23.289646092686873,14.439118124573508,8.48492748648208,6.985954384549846,52.0062026566581,3.466565112652944,8.301989901790527,30.864487227280218
closed_G2_DNp09_DNa01_DNa02_s2_c01_7000,0.0,23.333333333333332,0.27365728900255754,0.0002022058695963502,0.0,55.57793477799311,84.10449249454602,1.950707711332188,4.552524229782429,4.371376179128881,12.620367754732147,4.531295524825991,14.135648814189747,33.71785842650468,60.28469344890316,2.7905018194029814,13.76742871125347,4.173817758362177,9.198190970776231,45.7395472675379,5.3828578179448225,13.345441124641008,28.713251186946167
closed_G2_DNp09_DNa01_DNa02_s2_c01_7001,0.0,16.333333333333332,0.2813299232736573,0.00029040411342381187,0.0,6.562045740130657,30.30566099866417,8.09781546560433,5.425261539533148,6.949089956875149,12.66083260615742,3.7586218934965765,8.903501859130657,21.831019245732126,33.82234637340716,1.989880101101224,9.354244892152696,3.154899252158618,9.62704289183531,43.391915123115595,4.59251924482057,12.776351443863197,28.99963167087176
closed_G2_DNp09_DNa01_DNa02_s2_c01_7002,0.0,24.0,0.2506393861892583,1.0708565687866764e-09,0.0,53.6310084382952,87.8093181007024,0.7126404847649865,4.216825162124796,5.585195660059598,17.551576116447162,2.661744457863151,3.2599107607336695,25.10630544722579,75.56870289679978,32.690047706543275,12.589993881629312,6.050286166291677,7.568846848882344,41.62550029047248,1.522205672279519,10.478046842518772,29.93768782731128
closed_G2_DNp09_DNa01_DNa02_s2_c01_7003,0.0,21.666666666666668,0.2659846547314578,0.0002156862824357987,0.0,4.858044120072794,47.472202788381885,5.534232936837993,3.614329800900493,13.256972781511182,12.957498641169698,3.198922461643675,5.787282088136228,21.500023420510985,67.73111399806888,29.52428927152969,12.61984283557767,7.004155073097451,6.763399583148165,49.73501278068875,1.825130894291594,5.269790482763702,24.198822441778972
closed_G2_DNp09_DNa01_DNa02_s2_c01_7004,0.0,20.333333333333332,0.29411764705882354,0.00035539283948397295,0.0,15.1155970619224,47.39172936079836,8.600060849455135,2.235845693015779,3.48493398655361,10.203047123934466,2.0853857435490966,15.246861798216042,25.080582161300836,57.63480229727515,27.059828841512285,11.734181862651393,5.338853936923096,4.922601905477416,47.74109398295408,1.9573765242604357,8.698262897169394,27.866737517984635
closed_G2_DNp09_DNa01_DNa02_s2_c10_7000,0.0,13.333333333333334,0.34271099744245526,0.0031733120489889494,0.0,58.920283271313174,32.071634988539145,5.79066233375637,10.020624456952877,3.585046104367253,1.2463295086037076,3.4641219730102972,2.446298549590543,15.265938636363568,56.045139055027335,9.869642655323343,7.842237882348669,6.257086055897891,6.207544823737955,9.045492716525532,2.9069917233919087,1.1277919897971544,8.353689015989964
closed_G2_DNp09_DNa01_DNa02_s2_c10_7001,0.0,11.0,0.36828644501278773,0.004529997525743528,0.0,12.434309343692336,9.93598626973906,2.670402052297211,3.560826642689836,4.6514987342886265,1.7351012523114322,2.134142319036432,9.757564550991995,14.783792725464648,30.2726459744219,5.418051871857703,13.723592278375834,4.650813432907624,9.87221266351463,13.659204282627186,2.4427118879534335,1.6450306745286594,9.414720534987048
closed_G2_DNp09_DNa01_DNa02_s2_c10_7002,0.0,18.0,0.3554987212276215,0.001499983834821837,0.0,54.28495752126917,78.34840318068298,1.7998950636430058,5.861608269620053,3.64096297262564,1.4599769497693806,1.291987436468097,15.706828560763553,12.101268206153955,81.87720729362911,43.536185493694354,14.079198140405559,2.815757892330365,8.884407503298325,12.331257915219542,3.861497693668894,2.34808585324938,2.200116229584247
closed_G2_DNp09_DNa01_DNa02_s2_c10_7003,0.0,16.666666666666668,0.3887468030690537,0.0022088739715366533,0.0,28.7129770003316,36.979602040449116,2.7963450903014615,4.331674955659321,10.029297410708814,1.7882010168917304,4.257708475510891,2.447204298488658,11.850954968465118,64.0227138522885,50.3482644989858,10.633134750254383,5.182206630160285,9.92995639829268,24.59194050237771,6.298435269661955,5.29302083369609,3.2349098149446522
closed_G2_DNp09_DNa01_DNa02_s2_c10_7004,0.0,13.666666666666666,0.34782608695652173,0.0011928206501347586,0.0,21.288336428353375,35.35055853936307,2.469003214113297,5.562478689051631,2.4046107588627614,0.9348332532245807,2.2964025508438555,5.788419935269643,11.7022073651029,63.33964799136547,39.75862243491884,14.488635142153091,3.9454586864240384,4.5688909473845944,10.193908946500471,2.73437880259206,2.23748530511921,4.442736906079695
closed_G2_DNp09_DNa01_DNa02_s2_c11_7000,0.0,15.333333333333334,0.35294117647058826,0.003401966881280202,0.0,54.426899518986815,25.888621899590667,4.790014647818294,8.703453744412126,4.089715916126949,1.4616911920593878,3.86306991590509,4.039543061721216,21.091632311474093,57.081611958881254,13.11699665606689,9.971119782318478,2.9177641971627755,8.52139087053745,9.71115011769565,2.1466034745484883,0.4946812025633575,6.78512915954163
closed_G2_DNp09_DNa01_DNa02_s2_c11_7001,0.0,13.0,0.39641943734015345,0.0035458252744643877,0.0,8.858396455147474,5.781674052893559,2.158701773605425,3.6745866643192824,4.445880377109087,1.7648721618950347,4.005508445248859,9.018926878488053,17.58706970368754,32.89846137211776,5.399643302457594,11.697500110060549,5.14573885968836,7.233145754909554,20.282080894104975,1.8757581055580006,1.7634410659656197,5.707923475892666
closed_G2_DNp09_DNa01_DNa02_s2_c11_7002,0.0,19.0,0.3554987212276215,0.0018176551669104855,0.0,52.44497014724606,82.10190172575474,2.895797000252182,5.814600186845905,6.981312790367194,1.6506383309737762,3.7848494463457563,19.393880583489373,12.228967030221952,86.67927078190523,40.463964969879896,8.726759398515338,3.416070610122542,8.739009372382545,10.392631212415056,1.1903231943761277,4.001495517313193,1.0595684316592715
closed_G2_DNp09_DNa01_DNa02_s2_c11_7003,0.0,16.666666666666668,0.38618925831202044,0.0012916666900806592,0.0,19.572145962842978,26.447974474932735,2.747574938786199,3.147929093611163,8.954805694738345,1.8070739346512952,4.647906012048272,3.3689825183687816,13.748601413344886,61.86520210773748,47.025207309954745,12.264558865913296,8.559376751899382,8.79984098059648,21.3276470355248,2.5317925024898535,5.900323573218403,1.2631090878610933
closed_G2_DNp09_DNa01_DNa02_s2_c11_7004,0.0,16.0,0.3248081841432225,0.00231223514419052,0.0,15.701022812262062,22.05317510320791,3.5561721227931913,5.574332326268728,13.006339206899597,1.028601563762712,2.275839878488277,8.620216375019863,19.43406211080898,60.77599830617497,42.28087043738329,13.168925849776079,4.396444909957576,5.292731655946545,21.762480609955404,3.2165023576794036,2.1968233589216655,1.0319075424165336
closed_G3_top20_drive_s1_c00_7000,0.0,66.33333333333333,0.319693094629156,0.03872313500806435,0.0,90.27587015495764,33.33294123839355,11.204852266947595,3.011123827394218,19.863243031763652,53.14288778594313,5.222972957405518,19.526460798479196,50.212509851575724,62.338133294926145,6.866631765649242,21.21164313863573,7.360124159357594,30.157270992248176,69.5053615060232,1.435944260859628,2.3998082536126932,60.054587316650014
closed_G3_top20_drive_s1_c00_7001,0.0,60.666666666666664,0.3273657289002558,0.03506409707942776,0.0,87.0886051432956,5.293620849327813,2.292984693170109,15.047601224455727,29.84345494117914,44.82951462293777,4.181019931750659,3.6221494934865324,49.36724727946501,38.681565313138165,8.337923874459426,16.33822699022857,4.25482282435949,41.28301627925174,65.85594258668614,2.2942369399080085,8.769496117244383,59.848186110586866
closed_G3_top20_drive_s1_c00_7002,0.0,64.66666666666667,0.3350383631713555,0.03468982594442188,0.0,83.67815133552749,28.78950918166672,2.242978821151816,7.616131851845259,21.37176216043085,55.57586808481481,2.8741911976735164,3.267859748467701,50.78223908764931,67.70488261238134,18.928965807365298,23.32857753413579,4.863010947017272,30.526350526058195,72.68499806332238,2.104610059867388,11.375345322800799,64.59096303720952
closed_G3_top20_drive_s1_c00_7003,0.0,64.66666666666667,0.319693094629156,0.03862314562459547,0.0,91.57665600033255,15.167915621874451,12.478856032742865,5.425693892465451,18.406281702652407,43.96349400819283,3.8766139253704064,21.688288648581484,44.419499793406416,54.98969980013623,32.825965473055874,18.119693194206636,12.049314165111602,43.572973411568775,67.08033080949892,2.4487639219334554,11.918260496018558,62.82161591619684
closed_G3_top20_drive_s1_c00_7004,0.0,65.33333333333333,0.3171355498721228,0.03944740919314434,0.0,93.7078295140148,14.57190608299729,11.294823072873807,5.258811750594862,21.614534056039282,36.80638231176404,5.055513498041639,15.93313248192635,48.772449050048145,46.853356967054914,27.792992763361735,16.754407582419226,3.164688361971898,41.895747941146155,68.28294843935407,2.733342751706449,13.606689387246128,67.53365705453447
closed_G3_top20_drive_s1_c01_7000,0.0,60.666666666666664,0.309462915601023,0.035104899527212394,0.0,91.98345925209057,14.276963630817225,8.285657245493272,3.9134458993650423,22.43686523543288,45.249743744559154,5.3040411101697496,17.847977559301032,50.08592435835117,46.698141115060075,11.573787655836044,13.779214296248115,2.2910514199156964,43.75839041342178,67.86338593210479,3.177351663461472,4.492801035525428,62.998815437167586
closed_G3_top20_drive_s1_c01_7001,0.0,59.666666666666664,0.33248081841432225,0.03564166620468388,0.0,89.36018363884821,5.265328667717372,3.821579886423277,9.473184533143375,29.327831627639892,43.47742751502499,2.5178611251678666,5.644051179817614,51.08878791061978,38.71127965269126,7.781848609612192,17.986727364488004,9.144369073439744,41.48075402146398,64.7474385375494,6.070694914784621,8.356917345757138,62.56231043935594
closed_G3_top20_drive_s1_c01_7002,0.0,62.0,0.31202046035805625,0.03671246768995057,0.0,98.43777643146392,11.476348178198172,2.6499890860576696,2.6093797918434203,30.355304492658036,47.96346777293321,3.4437312239350346,14.837878996629334,46.20516024000314,70.47047300895348,33.13513341294703,18.177653062704128,5.149330235376281,44.2545642137261,65.80653437336942,3.6608889823763002,11.750088691369992,61.41494804100632
closed_G3_top20_drive_s1_c01_7003,0.0,64.0,0.3171355498721228,0.039084869927008964,0.0,90.45232784264662,15.796034166981896,12.738255069471235,7.166653770146236,26.668864491862237,45.50399490385736,2.0022193442572593,20.10033810105598,49.8431707095432,49.152566950447934,29.562569804482354,16.22274879885911,14.807827534923543,43.430689996714854,60.94800645519522,2.3400402449652047,11.982871556682829,63.959809526658546
closed_G3_top20_drive_s1_c01_7004,0.0,61.666666666666664,0.3273657289002558,0.040463594114471535,0.0,90.32487040575812,11.899277522718524,12.98149306184087,4.870419608788177,18.28891486070155,38.67441041127622,5.8282795714778,20.854048733661774,46.44850545557648,53.83713302514569,29.645105463538638,15.656946640376944,2.0218961813387084,46.098972904797904,66.68941874018752,2.671766122042906,11.712594053090028,66.37150480967823
closed_G3_top20_drive_s1_c10_7000,0.0,64.66666666666667,0.340153452685422,0.05879048902424322,0.0,90.22083672611552,16.82482240603532,4.5177342948229064,2.6278296994294457,5.958472793304694,11.639191281433474,2.5141618903382654,4.769996392066603,34.87429630856584,54.52233134387391,9.535885136434961,14.305904017010006,6.721332355003827,30.54987369502134,28.629410176403873,4.852324378679683,20.368938000154458,43.97590634467284
closed_G3_top20_drive_s1_c10_7001,0.0,66.66666666666667,0.3657289002557545,0.06023677193623217,0.0,81.70922230471027,39.43056764833407,3.492466183742907,5.773871473451648,7.2302151806276935,15.751859587728744,2.0038642087405805,13.024186602972836,35.371024355532,59.03780408598307,12.05896589618455,18.980724789644704,5.0944044741053744,18.291597183581583,39.790669073827864,5.875099723058418,24.393657432860643,42.61885000203041
closed_G3_top20_drive_s1_c10_7002,0.0,69.66666666666667,0.34782608695652173,0.050104951787554475,0.0,95.79965283265422,38.01588270592939,3.1193079980249703,5.573178499829278,7.572914488957763,20.480274929187267,6.79273752297971,16.889528129984893,33.082692896794775,79.46662442523471,2.83342217802366,19.302210918379238,2.0843280425282766,25.598881132324834,41.47698806817073,5.328335702708056,20.904448329978827,42.656191648149914
closed_G3_top20_drive_s1_c10_7003,0.0,64.0,0.3350383631713555,0.04806902569678495,0.0,84.15476807695438,7.272832520945669,4.46803798568579,2.843954886735484,10.397823121751312,6.869051503194993,5.346509173868601,35.83888824047423,28.34448301715885,56.84968009151402,30.53837451961949,13.307699386842291,8.31851329792847,33.67115929341354,28.227118689387233,3.0216047798163888,18.582010926438553,36.548940514554836
closed_G3_top20_drive_s1_c10_7004,0.0,65.66666666666667,0.340153452685422,0.05233944675168277,0.0,86.43436719159428,11.266354928778222,3.4910602623161853,3.386968516140355,7.151677199826479,3.291474940204248,3.546280521588939,5.817585307986855,26.093218639078167,57.10798383304321,25.037596684607735,13.014226199682884,7.042419104063607,39.16090256541799,39.561786541907544,2.4521077665321083,25.94789605073025,35.86684491510093
closed_G3_top20_drive_s1_c11_7000,0.0,65.0,0.34782608695652173,0.05107662130735627,0.0,85.15395226084712,42.49385379714271,3.7441118514163962,2.8142931971521676,5.160960144212698,24.60036845331469,3.1781054183833493,9.827484303655666,38.810124453064056,62.74454438089069,9.09362221072292,19.98237037853613,2.4719905873187793,20.019352070515485,41.357172027697594,4.87386153906316,14.074083268190016,48.148448544553254
closed_G3_top20_drive_s1_c11_7001,0.0,64.66666666666667,0.3554987212276215,0.05334268801100735,0.0,88.0089249089192,11.128048672691898,3.0996509070326805,4.409607345948681,14.039618138425624,3.101397631851712,4.312487193552276,10.840155800770598,32.150008463401754,44.226634518650776,4.43413773678873,15.236992394965727,4.7454364724760705,29.006305754558866,36.87642698208095,7.233452677749154,27.38297219457254,41.79718264301722
closed_G3_top20_drive_s1_c11_7002,0.0,65.0,0.3631713554987212,0.06295164453616535,0.0,96.33565632075725,20.201711109209516,4.22311712282068,4.90109925376086,11.756256919951952,12.090762296177502,2.912448160291681,12.260977711103273,39.73686271267565,82.0698565145593,22.638348815883262,18.56593624571292,13.00729522023384,36.914030283987486,42.17278707468439,3.4604449585307435,23.351218368501115,36.01568101436269
closed_G3_top20_drive_s1_c11_7003,0.0,65.33333333333333,0.3350383631713555,0.05010334788353846,0.0,86.71736590059761,4.806578904734975,5.676511767062904,6.4321780054607345,11.26617447254126,11.968684015061873,2.3830442873432145,6.515890403365297,31.737485020759937,54.359183267820654,33.4922041628869,15.383952506008375,10.880859400612797,26.32342953317242,30.46597611553596,7.618094312044989,23.003632242956385,32.47574454698383
closed_G3_top20_drive_s1_c11_7004,0.0,65.0,0.34782608695652173,0.051570381881668584,0.0,86.42743883141638,8.462027085740985,4.371854365073972,2.614298169881237,12.130952344514647,7.570129685867171,12.425346229208142,18.122098942446534,30.324932474939924,49.219056156423484,23.41268508749725,11.926709107009136,9.653299514512009,40.323910576477424,36.03567221427528,1.967873583466568,22.207477708874844,43.78286767836058
closed_G3_top20_drive_s2_c00_7000,0.0,71.0,0.2966751918158568,0.02756248246042997,0.0,138.89796436586906,21.978867754377706,19.5829119096456,10.037405474556637,33.354299642683344,65.69672358915524,24.73022737254625,56.926332155762545,61.72117875147314,88.34754745850985,13.825580019607838,27.884796679285174,12.05207730996861,60.58244176081355,96.27017445227138,4.918027906650653,17.877564787093654,80.85302095097948
closed_G3_top20_drive_s2_c00_7001,0.0,67.0,0.3069053708439898,0.028223267573526185,0.0,103.142736982795,12.210103044284299,19.531835040736947,9.595855936675468,48.76161978986792,68.12635384188084,4.270172850390671,37.10106806440223,70.13327059200796,67.49823977567564,4.389947958834324,34.08845083747947,3.773842934946071,44.3360033348606,87.00931662631862,7.115770759367922,13.735085423142346,89.79435366688692
closed_G3_top20_drive_s2_c00_7002,0.0,73.0,0.289002557544757,0.026294818748865093,0.0,127.27560611393162,40.987581698208004,20.347785146574513,14.034760010720483,46.39515992700077,61.98006951126641,2.187397709906074,35.94206730201328,69.36898170394318,117.61664144020418,35.28241443343883,33.390022033905964,7.422749200849163,56.62787547589944,86.50672510954638,1.7194376947219439,8.777110377813413,76.45632844764924
closed_G3_top20_drive_s2_c00_7003,0.0,73.0,0.30434782608695654,0.016478523887533236,0.0,122.71759757627217,32.49059368401116,26.058934944760757,8.236221969268755,54.94778803175399,71.96670375058964,11.583560663117485,42.12538673156954,65.03594786656195,104.99504774624697,48.741643303750024,28.918875310122424,6.1075641540920484,60.988888919631734,83.57513471399832,2.9453611803474797,9.417607895317426,77.243569875195
closed_G3_top20_drive_s2_c00_7004,0.0,74.33333333333333,0.2966751918158568,0.019927201337039697,0.0,122.45632134063956,33.581334057827235,24.57659849699348,9.478629755269107,48.45710538816356,65.02402491370897,9.059922266301639,38.24355731206816,64.0749197039701,99.75038828495141,46.73606110422805,32.836085123493135,6.329675611050347,58.231744690827085,81.16686652781033,3.334652750005629,5.33293622210321,80.14393830343076
closed_G3_top20_drive_s2_c01_7000,0.0,72.33333333333333,0.289002557544757,0.028902430475353215,0.0,113.96125952747204,35.47828499720937,15.258797911309566,8.253475631756805,32.55761093253593,66.91957192513563,13.1497772424425,56.218112771560804,66.22429428275184,86.94088032923723,14.76840273678725,29.609848997202384,14.634655784164604,54.53034597464282,91.15880875618221,5.815733497663219,17.3653299892155,82.2810976360683
closed_G3_top20_drive_s2_c01_7001,0.0,59.333333333333336,0.3145780051150895,0.025846399703222625,0.0,103.92947150670273,17.35790653286924,22.143686072571718,6.848931459297881,49.68782486084949,59.977771888362554,5.16376855412193,31.560542391405686,70.16997088173333,72.86483644959665,23.61080302837173,30.935078689146486,19.335875106804988,72.56414083500664,83.06861208446195,3.278627282195644,15.966026823648596,76.85185476928189
closed_G3_top20_drive_s2_c01_7002,0.0,74.66666666666667,0.2813299232736573,0.025306018381960813,0.0,131.21551322528313,51.56180328630061,21.51363658143632,7.567704960720518,37.083571094174296,68.29638943236026,5.835134315566597,20.635910907516802,61.01699979518102,124.88673676868822,44.68880059689756,35.63776426218911,9.302284973362347,63.28282239171521,85.57258499025653,5.397519938834019,6.28555959052059,81.86805229713028
closed_G3_top20_drive_s2_c01_7003,0.0,72.0,0.30179028132992325,0.019890176310288343,0.0,114.05845683772274,33.86064045688363,23.777551718363917,9.845440018343714,43.63958673363103,59.84329363057284,8.00543656846959,46.00318972183244,68.55021645030082,109.90765328246584,48.760626805430334,26.572794942358477,10.622767531605659,64.58096807941001,87.66351134298705,6.550087141159396,13.013520971584189,77.4591068223339
closed_G3_top20_drive_s2_c01_7004,0.0,70.33333333333333,0.30434782608695654,0.02649143977516664,0.0,124.76768648779529,37.47375738468879,25.396090506426876,12.17091642797865,36.59195141526609,58.67984885426193,6.455843615058158,14.999290797120326,64.65365939628944,106.05215803853616,50.18594292573187,30.88946571935143,17.552269252932835,74.997947724523,88.89861539206001,4.263755726045852,9.566476125838427,78.53416793798921
closed_G3_top20_drive_s2_c10_7000,0.0,72.0,0.34782608695652173,0.056217536634592453,0.0,108.43007393025621,19.24011229411233,3.867729495438129,12.680682057611456,13.992733475304803,2.9904834792673385,12.59887954985515,45.964137056206944,30.27760788097429,99.08657778170449,16.334291046445,21.553633534062417,5.281350194586452,26.47391681164878,30.3592632658745,2.5917833423267895,15.014166963054583,54.95066699493887
closed_G3_top20_drive_s2_c10_7001,0.0,77.0,0.35805626598465473,0.05549151927910661,0.0,104.70806063454036,13.385465414037327,7.064803270433148,9.371351648987437,24.487524327126454,4.491982354662279,1.9044232062743183,4.769503267921223,22.28223141763416,59.46473441112906,14.212617795518858,25.823828192899093,12.749382074416635,38.98550215824529,32.98913654358864,4.932645730709824,23.673251768044285,42.67141621347052
closed_G3_top20_drive_s2_c10_7002,0.0,75.0,0.36061381074168797,0.056919050969027316,0.0,131.02490051361207,24.961101255876976,2.0534394443620942,11.473433800515753,21.41708679597977,4.614859492682311,4.962749454515089,11.163432622937252,17.888132221972526,124.76482404014074,30.758663081509773,29.61163805152993,13.66578083769484,34.065138309645796,45.84853753326909,4.775032100778741,18.821627666471517,46.20560351207633
closed_G3_top20_drive_s2_c10_7003,0.0,73.33333333333333,0.35294117647058826,0.04349929365559195,0.0,114.69115960972955,19.129692983732376,12.140749101820655,5.78102307980777,30.727036247979875,3.7514548468342785,8.822350402386597,40.32185985818022,13.633578339808555,106.4052804778453,55.424457971912226,26.20388315369778,5.512085351488297,49.27163944856435,30.06292977267842,3.763415605425687,12.371859138642078,30.81871560603599
closed_G3_top20_drive_s2_c10_7004,0.0,74.66666666666667,0.34271099744245526,0.053714573904845436,0.0,121.82149317686134,9.755780682120049,11.63660013468023,5.106746606731904,28.37070584732682,5.481198990140251,9.463124037659302,30.03393365074432,19.322633962297157,104.21406046826313,37.17493070833266,23.61778789965411,7.216310615151698,18.30852433444152,22.577884561198086,5.085610299244012,14.374093220257123,41.48570359513772
closed_G3_top20_drive_s2_c11_7000,0.0,71.33333333333333,0.34271099744245526,0.05008124239716655,0.0,116.13139388532784,19.17304136637253,5.418129251157418,4.631092679569923,16.864976925042164,4.9757371996288295,7.599332415116191,44.59242417793288,36.17480236699028,102.44200538663746,14.658470288700363,21.811028004679592,6.992941900016011,23.38727103034282,37.160969093114204,3.120137945450179,10.655751666305475,59.0094246208913
closed_G3_top20_drive_s2_c11_7001,0.0,74.33333333333333,0.3631713554987212,0.04802820905910408,0.0,91.25176216623086,14.63432343102967,5.775169780832139,7.017544886174302,18.520858266732905,4.664736794151537,3.213089240624755,6.373779158117203,32.221549687152844,105.0116203212856,8.787685889933238,29.203352807818707,4.6997886483954945,20.577193217525206,40.87507095534558,2.0237340667768877,20.674897807177267,58.92440645807698
closed_G3_top20_drive_s2_c11_7002,0.0,72.33333333333333,0.34271099744245526,0.046497617531041466,0.0,115.1688788969681,20.143330423347937,3.13933558850121,8.26479512630026,27.762616730319515,11.412859746364404,3.7727034636356813,11.18212871049652,22.894774785845136,123.28071147883438,31.47860460809881,27.63335924758929,8.88458087466734,33.680352528695074,28.700281713319598,3.513664747271781,7.274914478680641,44.265157812865304
closed_G3_top20_drive_s2_c11_7003,0.0,71.33333333333333,0.3554987212276215,0.05141225376514995,0.0,112.36564177609144,22.74417305654889,7.19713307777513,4.554761006511007,30.69986165370277,10.61430385724305,10.492873084075113,37.91890650692679,29.474227827624695,121.6401806727536,41.961763655618604,25.72156596047549,2.4291455563443365,18.016368686837623,31.49099747542584,6.4220026653449915,11.059367603738705,41.684504471148095
closed_G3_top20_drive_s2_c11_7004,0.0,73.0,0.36061381074168797,0.06030736310661121,0.0,122.92614606065084,6.610805455129646,11.456170403297099,3.0331357207171417,18.790609534909954,4.250574736445475,10.201668795776975,29.936117362122204,20.280315913617986,108.86316861241016,39.894035055392976,23.777232892961134,7.139308771210243,25.76926126411202,22.988816803556364,2.608947566519297,12.085396642948249,36.810813172827025
closed_G4_walking_cluster_s1_c00_7000,0.0,7.666666666666667,0.20460358056265984,0.0007301653110776632,0.0,39.01414532067466,49.48637783656743,3.3277148959585503,2.280746547951635,0.4777850928841996,2.477939464995514,2.800000269452921,18.586918991738077,40.822428786912994,28.430784038572767,38.75818657779739,2.0208473464454877,3.0225372119552145,8.658509422916632,51.46214150709029,1.9691397097776118,1.105302407025204,24.89336893251418
closed_G4_walking_cluster_s1_c00_7001,0.0,6.666666666666667,0.18925831202046037,2.2281934096650634e-08,0.0,52.27362849822812,58.91727825393331,2.4040373411772693,3.0561643868876325,1.1294186299272095,2.3995147814208777,3.4012710474338093,4.43724149763074,39.628532954605326,48.9570071022991,39.384605248542954,5.303628898661447,7.264848482706084,10.11499272035752,64.77518784114045,2.5033534121608967,1.7488020941608053,40.08141796335296
closed_G4_walking_cluster_s1_c00_7002,0.0,7.0,0.21227621483375958,0.00040105354431352054,0.0,76.57204662517303,35.972385939331964,3.4167078729627125,3.457985200351278,1.2409385854073676,1.6987208442100912,4.730291184690596,10.124545825005196,35.01023506390074,43.74375195276129,37.651657110304164,4.631500440028353,3.9872571134169013,7.863216081666626,48.641051074149885,4.960335823064165,2.7676276092692933,28.054111764772966
closed_G4_walking_cluster_s1_c00_7003,0.0,8.0,0.2071611253196931,0.0007184848455547337,0.0,36.588645175797566,46.02028233166743,2.7210101835562717,1.84048011261055,1.9209470922707723,3.4528271568082873,2.6873502950210066,9.152673394115439,34.38812233766287,34.45919399325061,33.94737002178725,2.840867757118684,5.024071415790194,12.454751439930895,50.91738188019195,2.1062087544839727,2.0513310163221425,28.326989213921497
closed_G4_walking_cluster_s1_c00_7004,0.0,7.0,0.20460358056265984,0.0005825269157790605,0.0,38.34103949158426,42.105080730712785,2.190958278965006,1.8318624158712389,1.590708130456092,2.684892097489629,2.6439028724238125,9.342279141490431,33.966977924381176,31.927755463063132,31.29729615491303,2.3182956094918548,7.26845896681414,8.657423292182274,42.35584191562449,1.639492908026846,6.33836118668285,33.074841986248764
closed_G4_walking_cluster_s1_c01_7000,0.0,7.666666666666667,0.2071611253196931,0.0008225712995920516,0.0,37.252714244614666,44.20603102229333,3.151488861301826,2.8562803734497826,0.36957856811351897,2.1948475853505443,5.72786855091114,11.74836167080203,34.02426030786726,28.06993482052761,39.52519907540963,2.2132722042475823,6.385127510931816,9.650246457774195,51.26078855070749,2.457622399310237,0.7590123002996554,26.768156390130027
closed_G4_walking_cluster_s1_c01_7001,0.0,7.333333333333333,0.19437340153452684,0.000582857135253716,0.0,68.91787271952174,49.75147342324445,2.3716475782364683,2.9059068026990005,2.038533195897367,2.8084977229981885,2.7538466124935606,3.5573414527795033,35.59988585943307,32.057195434586426,38.7359993251326,2.370671676907425,7.234713234494607,9.603431875398577,53.08078954300557,2.7048992045010305,1.5291085253546806,33.48177470588752
closed_G4_walking_cluster_s1_c01_7002,0.0,5.333333333333333,0.20460358056265984,0.0006943414276324522,0.0,63.20589350925734,39.7949616542493,3.009262671951797,3.422322171564967,1.3318142988901132,2.541959765488727,3.9491236346259573,20.76494302969239,37.1612094301833,46.71314783191883,32.100191004189504,2.2717319176779385,4.781173985058262,7.940263521792614,52.89126323121699,4.355631786549971,2.728220425518235,29.627030727933054
closed_G4_walking_cluster_s1_c01_7003,0.0,8.666666666666666,0.21483375959079284,0.0009362841521241536,0.0,27.93626669616094,56.43620790036908,2.1363075689920956,1.1650080849976652,2.4247789701054256,3.131841824689402,4.643711484480586,8.128905551231727,40.830312839832345,40.68023355266192,40.013810383266005,5.171619815535779,5.294445252392662,14.338720563640626,67.21950432476612,2.550448492574166,0.970221608850101,34.552905015234714
closed_G4_walking_cluster_s1_c01_7004,0.0,8.333333333333334,0.20971867007672634,0.0006890136907076591,0.0,36.969042533186744,41.27828885849334,2.7199041288810166,1.4583973668793688,1.3824748563887157,2.185644381630557,3.4132546697772748,8.81947679819989,36.46132883814601,32.05426155587436,27.48364984283586,1.384778907135447,7.735306877940969,7.297300090776657,50.72259309246181,1.9895266121886468,4.118536606702134,29.80969416307386
closed_G4_walking_cluster_s1_c10_7000,0.0,14.333333333333334,0.22250639386189258,0.000994476847187941,0.0,50.6686733383479,45.62238007986512,4.002305307500793,4.52023848392481,0.8059333973232559,0.6110618798098647,5.5812732936850935,27.271427662486587,30.548257832898983,44.71810009237154,44.05274347415688,3.9178412307527966,6.3294926011190356,11.240656648255621,40.00275960135669,3.4890408501173713,3.3038075820404385,25.71566268813401
closed_G4_walking_cluster_s1_c10_7001,0.0,11.666666666666666,0.2020460358056266,0.0002500000002796886,0.0,64.98449245586876,42.70681385481052,3.0119916368194124,6.2143844201834,0.797400456620542,1.1125942959061965,3.2964501175499397,12.780089197894787,29.537792147794317,44.31320983241493,36.631627498125376,3.800965615369942,8.052546586181457,10.427743030118318,35.17223975947793,1.1362790397948181,4.817749615652653,22.07248649820377
closed_G4_walking_cluster_s1_c10_7002,0.0,12.0,0.2071611253196931,0.0005833340841156172,0.0,74.01765502957828,41.25097498903549,4.659141672025285,3.357012536331507,0.7617033160708432,0.4944926160865777,5.442829977814728,15.319988493361471,28.90100089750627,57.42899826741786,35.70175587162612,3.57154082704677,5.61897343487146,10.966414927265799,39.15074743522254,3.9423319700275066,5.040004389935939,21.41343593907215
closed_G4_walking_cluster_s1_c10_7003,0.0,13.333333333333334,0.23273657289002558,0.001327420284119302,0.0,32.54052668004027,51.54281035933337,4.123662505754757,7.28746879116176,3.961533169961837,0.5840521984624135,3.7114103331449853,19.018003195134654,32.93401517099417,43.9657252155022,40.38452935245345,3.5989559792410395,4.673276462391333,14.7399190453481,47.012333028920075,1.5040714254405534,5.835048713003776,20.941481238227208
closed_G4_walking_cluster_s1_c10_7004,0.0,11.333333333333334,0.2020460358056266,0.0006457717295592391,0.0,44.012409144747494,40.02401784427198,3.558441291952619,1.9025250237313094,3.2111574159102934,1.0697146273994695,3.63340490511937,16.227838330848385,27.397215780458087,31.014446279005885,33.842496961263414,3.9567957907147813,7.406536607732342,6.6997132435594215,25.964794405448984,1.9927435340025295,6.81976066083208,22.857637835706463
closed_G4_walking_cluster_s1_c11_7000,0.0,12.333333333333334,0.22250639386189258,0.0014167753903872884,0.0,39.11617358032057,49.32621550532306,4.565301632801583,3.363904243320723,0.9929837502837382,1.1058777308874006,4.461333855739022,25.50968298776999,32.81486715041938,39.99464229914009,41.127304389505646,1.3589300881622184,7.690566094289629,9.911585025135079,35.619869484196066,1.4202387175883138,1.788268075003961,18.947186802333572
closed_G4_walking_cluster_s1_c11_7001,0.0,10.333333333333334,0.1918158567774936,0.00043378034722111236,0.0,58.5751558842062,46.66082741526561,2.2489658437721043,8.83734857030929,0.5544704120619162,0.4179064432454059,3.6073117318737573,15.357891816254119,31.492646178482214,34.181584564642726,37.203698123190634,1.4454633133583532,9.00948029466207,10.701680662935766,37.101890185356396,2.974541193213727,3.321557465753013,24.073506945739087
closed_G4_walking_cluster_s1_c11_7002,0.0,9.0,0.20460358056265984,0.0003333340841156218,0.0,71.08726426847888,41.065207191398116,4.7704942379439474,3.4862440894807905,1.8218667184772428,0.5395796817975493,4.208320265073976,20.003129192249887,26.230478093138714,53.604922727623425,32.97398883785143,2.6272235648454476,5.028887059658379,8.199953957887839,33.981092893630645,4.850589482800493,3.566928755254615,18.714309716571147
closed_G4_walking_cluster_s1_c11_7003,0.0,11.666666666666666,0.22250639386189258,0.001083304850525472,0.0,37.68933377084982,46.01588073188985,4.953533245580508,6.94251927348382,0.9859329929855716,0.4826963545936263,5.955047590424785,19.782829144583197,34.450625895321195,41.92798382379792,38.307443618625236,1.9902029361076619,6.263517127354584,10.069557477252335,40.53037258862386,2.5991110874814947,5.971201932126181,22.27631693272509
closed_G4_walking_cluster_s1_c11_7004,0.0,10.0,0.19948849104859334,0.0015104160236654202,0.0,50.18698094477144,38.994797752227775,3.4089950940831635,2.2021134815427184,2.3198736925886005,0.9357817185589004,2.9696091030119263,16.515513968657814,29.34011474327918,33.46817982807487,36.6500912271102,1.7588967955925003,11.851379419004655,7.721559352640257,35.683788962603515,2.1544089012433494,6.869865350712113,16.18770346508244
closed_G4_walking_cluster_s2_c00_7000,0.0,25.666666666666668,0.24552429667519182,0.0033356488586139045,0.0,21.76748055653276,87.14277171973383,2.291221935296599,5.976344707503034,1.6837108150271247,9.794452682160156,1.9330507267216586,19.719740134267123,52.70697233856271,11.137604742025344,45.63172304739196,2.4578106633897363,6.84057237992458,8.118105580016769,80.40576276397096,4.277023369830713,1.090604279437617,44.83858851056076
closed_G4_walking_cluster_s2_c00_7001,0.0,19.666666666666668,0.2557544757033248,0.001259135995077782,0.0,50.31938118804707,73.29164779189821,2.377598578900982,7.347812880472653,8.486575429303798,2.766467424592929,1.9462001203564265,9.171575142507864,60.95861530229888,25.538953364234814,48.304325195291604,2.9771503859150728,6.890653619809573,9.032785373363785,76.2564940738184,2.7264483542501257,2.828005440515726,53.86579455494458
closed_G4_walking_cluster_s2_c00_7002,0.0,26.666666666666668,0.24552429667519182,0.001089452470685912,0.0,20.958465555313445,97.45688735687823,2.6307548636977525,2.3000902786278496,7.350336023327414,13.90925408745264,3.6627033936713507,15.529317526136918,51.67595194357761,21.48381022632745,76.97286959075223,4.243886267750647,10.099901055572634,6.29165424664133,82.43578859333664,2.5630518997541945,5.1858235931914765,51.804206602274256
closed_G4_walking_cluster_s2_c00_7003,0.0,24.0,0.24808184143222506,0.001654836116864589,0.0,9.364891420363747,98.49801348591345,0.8698709618321389,3.4190963861294645,7.027990594347891,6.049429702148837,10.239902192069128,23.280529060715324,54.73514559386262,8.766600713958354,71.40634722479868,4.524309983000432,5.585019472252568,8.966809833986243,75.87751356799207,3.3231409788587034,1.5550353052699657,49.20966630267794
closed_G4_walking_cluster_s2_c00_7004,0.0,24.666666666666668,0.2506393861892583,0.001416667547147467,0.0,27.109411124078516,75.64574458000885,2.0122626673769672,9.12453495305316,1.729184403224914,12.47335849785314,11.14070601356169,17.511488902645397,56.75614907359114,9.800148060360565,77.73321399618158,4.9061637350700895,4.208218931966069,6.561080696861733,86.69897677387556,5.704764039960806,2.6714709063709914,54.13364317258883
closed_G4_walking_cluster_s2_c01_7000,0.0,26.333333333333332,0.2557544757033248,0.0029011983106508954,0.0,37.99844082810041,83.51636352285358,1.5124670538302527,7.75580496430276,5.269342035749329,8.454212124195283,2.169009665806447,12.837355550459852,55.05874534796516,20.525589411607747,49.750728654209595,3.8743460323217698,10.137447676739477,10.028687908610722,79.65906247337686,2.4834150654153935,1.4690212471128226,54.01059973052391
closed_G4_walking_cluster_s2_c01_7001,0.0,16.666666666666668,0.24296675191815856,0.0008911689088586733,0.0,48.85212359640559,70.25223141112396,1.3659487413596683,2.566672942250631,6.119873030119908,2.97013260722979,3.043061216749175,9.800289543430008,60.06883574257479,24.268893418322136,44.87946532536707,3.4906342991990336,3.6805664432110885,11.278159344141113,76.8899326067081,2.272101511112979,4.613893580422625,53.04751011655498
closed_G4_walking_cluster_s2_c01_7002,0.0,25.666666666666668,0.24296675191815856,0.0010829802685459093,0.0,20.163762707939558,101.87891961702955,3.3576769771476838,2.650382147998826,6.4519311710561835,16.3801495821159,3.624657852188422,19.53657401727542,58.69476694235506,12.929054316449534,73.86139134429627,1.6515510261832866,2.4426100427372766,6.864510743769801,87.14492942190125,0.9620123416221411,5.291829605950393,51.440450372037176
closed_G4_walking_cluster_s2_c01_7003,0.0,22.333333333333332,0.26342710997442453,0.0026666689351558335,0.0,19.675114662347962,73.43175345992408,2.929514328884562,3.9460898419968626,2.279901265942909,10.128241502845203,3.989295515233973,12.752773957449174,52.0574708465947,35.083049982651545,66.9116774682213,4.508071914098593,13.691731073437284,8.415867638741533,76.09224077695565,5.478391196241906,1.5422559141679033,57.07632667646703
closed_G4_walking_cluster_s2_c01_7004,0.0,27.0,0.2557544757033248,0.001333335209172701,0.0,26.064527286644232,77.52629603581389,1.3469880332188753,1.819299866783997,9.829242901891337,2.8879331228960274,2.849019166184998,11.7187982088907,53.745116703599294,15.477830258742598,74.05279188021788,3.259811052600809,7.09997677988576,7.422142228233867,70.40422176314188,2.0344879094502124,4.196891750969118,50.14780375129171
closed_G4_walking_cluster_s2_c10_7000,0.0,23.666666666666668,0.2659846547314578,0.004224093721979155,0.0,34.80599963362451,68.06324914847309,4.649216186950691,4.710070105380764,2.2050868726180672,2.0190098202688618,10.52959548068929,38.81348443896979,50.651738361758106,17.692468546724168,46.69979216710888,5.847538563325195,4.047899185374412,7.391054177216023,46.24159274063948,6.527969969519552,2.551234417412041,38.30908221192563
closed_G4_walking_cluster_s2_c10_7001,0.0,26.333333333333332,0.26342710997442453,0.001563374184733269,0.0,65.0592897983086,59.252177152655186,5.2471145363964204,5.631539012200234,3.765969431423236,1.1662226719960855,1.9997375980268233,21.57540656234293,50.81314829550289,35.42853361594621,51.668119570428395,3.114668847699313,3.9105967494665217,14.711579124521007,59.629873960299015,2.118664032783518,9.349752262072236,43.986913349395884
closed_G4_walking_cluster_s2_c10_7002,0.0,24.666666666666668,0.26342710997442453,0.0043333613075739585,0.0,79.02175607555323,47.53551073142487,5.667797990134346,2.158185205475672,7.51069884931238,5.01105098195904,4.144080733605109,24.1250920768352,39.77473287487234,21.41745804986859,68.07066938850645,2.1055293935920494,7.215768205655658,13.226594792571348,72.16545767005307,2.760385382704597,9.06763554663704,46.7141135509708
closed_G4_walking_cluster_s2_c10_7003,0.0,28.0,0.27365728900255754,0.0037613712443079306,0.0,27.40568452355886,62.037833732403925,5.202218394509464,4.020741549331196,7.5219628602121755,1.6295819322328446,10.107960516978078,30.23290219041031,44.193167748706266,15.500120068510352,70.93523009659867,3.3265336833001937,7.868239233227072,12.273974173355924,63.622363122939284,2.888428894044869,12.906992408457986,41.58468758799678
closed_G4_walking_cluster_s2_c10_7004,0.0,23.666666666666668,0.27877237851662406,0.004366024182576727,0.0,36.6036483391748,58.22635643476597,5.229991943787962,8.804897317097577,3.18411244419217,1.2039483296545752,6.311342877136643,28.185201514421422,48.33900407356201,16.81442318666109,70.01731514440132,6.765312151927993,4.580198510004856,6.373701657152644,57.48092083298194,6.113124574544186,7.010277073948252,44.85849458407092
closed_G4_walking_cluster_s2_c11_7000,0.0,23.666666666666668,0.28388746803069054,0.004640382698081634,0.0,26.24046342467798,72.11886032758964,6.36533495885255,9.181130788987089,2.9801759679872504,1.6747175117955624,8.486393859886151,37.62065170489079,48.07748170207016,12.245340219118008,41.230909382941476,3.263055640261601,4.900512190477184,7.219165319821107,48.478857408611184,1.1960673766413443,3.1355543803870147,43.176591685323324
closed_G4_walking_cluster_s2_c11_7001,0.0,26.666666666666668,0.24552429667519182,0.0017212720132660723,0.0,57.49112568760394,65.45115004023341,3.6516551780622066,4.1925285298630595,5.364417823910925,0.6185456286108114,2.3827248066210243,19.58660812671566,44.25222618947795,35.39713412799853,52.821738331874705,3.247559040702703,2.696097006221849,7.462821895093994,60.01834173071292,4.75181838713641,8.29257607279252,43.357503325157445
closed_G4_walking_cluster_s2_c11_7002,0.0,24.333333333333332,0.27621483375959077,0.0043275480796895055,0.0,18.631640427779384,70.95251631708226,4.538398957439602,8.13966014718057,6.132463767375537,3.1501971980538404,1.8206442927049429,33.89384275765312,47.417649845297,22.989146718301644,72.04644150476747,2.4407795547080493,2.227093910875999,10.86323044210875,66.54605786539297,2.1144542877643184,12.941438823092318,48.34650137228549
closed_G4_walking_cluster_s2_c11_7003,0.0,25.0,0.2915601023017903,0.0046668059015837855,0.0,37.87877506973632,52.22222645495182,6.034293609022311,5.422767701284162,3.4057453499233956,2.6751585249160796,7.674517040776737,8.686968004898,46.85518817189247,24.41310490664285,70.43562048370566,4.359502486341336,2.7401875477068853,8.284304533468394,64.83085452176833,2.092924886251857,3.6936170434379063,49.992169365183365
closed_G4_walking_cluster_s2_c11_7004,0.0,26.333333333333332,0.27365728900255754,0.004462135590261153,0.0,48.78900781338526,47.68393072922431,6.057654529160856,7.7787644160155365,3.80486529985721,1.1230399599659588,3.5137502087308397,10.206143218556312,36.31921603105931,13.921817587026505,83.2807764525835,5.704254862102552,3.4136477124182996,5.99080888421926,60.22610185320618,2.9430652386605733,5.785671427729888,47.80400642283624
