cond,leg,P_imp_over_median,spikes
verified,lf,1.416968326733693,687
verified,lm,1.405710944993018,244
verified,lh,1.9653680140396588,289
verified,rf,3.365019897962993,831
verified,rm,1.9907206029756161,143
verified,rh,1.6292327860820843,262
verified,lf,2.256899097776324,361
verified,lm,1.4127953342588218,464
verified,lh,0.5550400396975405,315
verified,rf,14.819770211732505,914
verified,rm,0.9947103556638688,808
verified,rh,1.6754265888185882,266
verified,lf,1.4295932032032737,1152
verified,lm,1.7724634426317032,335
verified,lh,1.489994505710713,387
verified,rf,1.2104257375627145,1381
verified,rm,0.799244289993799,569
verified,rh,1.2544834197377848,339
verified,lf,2.1541450172996663,505
verified,lm,0.6968397239340198,257
verified,lh,2.7331612467419535,360
verified,rf,1.1242689888846884,984
verified,rm,1.347502975537298,198
verified,rh,1.4918266532816027,249
verified,lf,2.2848500321219274,455
verified,lm,1.602920357610609,264
verified,lh,2.3268963246727834,310
verified,rf,2.501044868982364,925
verified,rm,1.5701643982915776,315
verified,rh,1.6982776009608689,263
verified,lf,1.8362011426369904,670
verified,lm,1.6196434374889455,252
verified,lh,1.0346731941183906,311
verified,rf,2.480489037772328,812
verified,rm,1.673812496608335,164
verified,rh,1.7994096901353591,242
verified,lf,3.281932483702038,352
verified,lm,1.2578985347052465,469
verified,lh,0.7286261331679551,313
verified,rf,11.614054855431956,945
verified,rm,0.8060072005773841,791
verified,rh,1.766050271770152,262
verified,lf,2.414537154439885,1149
verified,lm,1.7307068055533095,329
verified,lh,1.0997012672876678,398
verified,rf,1.508204103082414,1413
verified,rm,0.6836247066351733,567
verified,rh,1.1221310308619785,331
verified,lf,1.115557827696727,468
verified,lm,0.5823083098154069,279
verified,lh,2.4355086087998825,379
verified,rf,1.1817987931996004,1057
verified,rm,1.775434190081033,216
verified,rh,1.4293055758672886,230
verified,lf,1.616046820162244,438
verified,lm,2.8075621659727856,253
verified,lh,2.1191725272925663,347
verified,rf,1.4977964127519419,948
verified,rm,0.8670434831272295,319
verified,rh,1.5644111014438846,263
verified,lf,1.3695277387580616,714
verified,lm,1.5807669491770777,144
verified,lh,0.9458490247604109,266
verified,rf,1.42682173675816,862
verified,rm,1.402694214552897,185
verified,rh,2.0789569742711667,308
verified,lf,2.5851381603326242,281
verified,lm,1.8798942441577295,453
verified,lh,2.37989185617006,317
verified,rf,9.351522431924877,952
verified,rm,0.7520590264745672,732
verified,rh,3.080895810588826,337
verified,lf,1.9964297443516217,1145
verified,lm,1.243388434154925,271
verified,lh,1.5096194988644147,391
verified,rf,2.7508704701537448,1428
verified,rm,1.4826197178222909,520
verified,rh,1.098889749737522,345
verified,lf,1.5109612026003028,429
verified,lm,1.5988765200251747,151
verified,lh,1.4041060506527132,378
verified,rf,1.1294126966079157,982
verified,rm,1.1961990526799584,237
verified,rh,0.995510797300375,297
verified,lf,2.1767849775393144,418
verified,lm,1.7237317607331222,152
verified,lh,2.4749306717253488,320
verified,rf,1.777053545474512,884
verified,rm,1.2583029136652972,270
verified,rh,0.9903776776288368,349
verified,lf,1.1187337931155676,673
verified,lm,1.5382539480403772,154
verified,lh,2.990101731134039,295
verified,rf,0.7787756887030594,854
verified,rm,1.2297251933168356,184
verified,rh,2.2298886261435618,313
verified,lf,5.044729566976269,255
verified,lm,1.0143343831591147,453
verified,lh,4.500737829827469,331
verified,rf,6.968722157675614,945
verified,rm,0.615192516695315,737
verified,rh,4.229544992164255,323
verified,lf,2.6328006350153874,1144
verified,lm,1.6495511378074248,283
verified,lh,1.1600718038805367,417
verified,rf,2.604615842249488,1441
verified,rm,1.6250320815467394,524
verified,rh,0.8538974120619206,348
verified,lf,1.8586515681370464,412
verified,lm,1.5940405416575527,169
verified,lh,1.5217061130415745,393
verified,rf,1.55003328765881,1018
verified,rm,1.140033992781632,236
verified,rh,1.5585319603762438,291
verified,lf,1.0905602385818083,392
verified,lm,0.8499849230752207,153
verified,lh,2.927823061249215,330
verified,rf,1.3614102592447213,913
verified,rm,1.4049135223492413,279
verified,rh,1.4779454849124818,323
verified+G3,lf,2.4180174458568597,3519
verified+G3,lm,2.1331101855306804,3007
verified+G3,lh,2.057839873126573,4606
verified+G3,rf,1.1054717151987143,4168
verified+G3,rm,0.9154262498096447,3082
verified+G3,rh,0.7458834425821972,4233
verified+G3,lf,0.72785461796339,3489
verified+G3,lm,1.3412069514765335,2681
verified+G3,lh,0.8317409543630724,4490
verified+G3,rf,0.9992565101528278,4008
verified+G3,rm,1.468688820241814,2942
verified+G3,rh,1.2376103374919365,4270
verified+G3,lf,2.6038264276499077,3561
verified+G3,lm,1.8224567106317422,2916
verified+G3,lh,1.3828847330084821,4652
verified+G3,rf,1.339395889506512,4279
verified+G3,rm,0.8702521467652115,3037
verified+G3,rh,0.9543872795108103,3973
verified+G3,lf,1.727398505856305,3422
verified+G3,lm,1.3250406785441078,2876
verified+G3,lh,0.9024065435042251,4875
verified+G3,rf,1.012471092246143,4249
verified+G3,rm,1.5568840943681992,3024
verified+G3,rh,1.3246014131332142,4000
verified+G3,lf,2.377111732907818,3479
verified+G3,lm,2.7507821509337305,2722
verified+G3,lh,1.3605652424845947,4812
verified+G3,rf,1.4548129472556954,3923
verified+G3,rm,1.2016414423542376,2984
verified+G3,rh,1.1277356497282793,4309
verified+G3,lf,2.837629707577843,3517
verified+G3,lm,2.8247838408992267,3001
verified+G3,lh,2.15663642418692,4578
verified+G3,rf,0.8415576654335927,4205
verified+G3,rm,0.9937090386723009,3047
verified+G3,rh,0.7344190880840806,4269
verified+G3,lf,0.5675010856486638,3411
verified+G3,lm,1.6688313055562527,2923
verified+G3,lh,0.8342742253998296,4643
verified+G3,rf,1.060174968583955,4454
verified+G3,rm,0.8816699389760243,3111
verified+G3,rh,1.3115865175199768,4212
verified+G3,lf,1.3857029899401165,3573
verified+G3,lm,1.6860104351185536,2879
verified+G3,lh,1.3643099028367036,4507
verified+G3,rf,1.000522496234822,3997
verified+G3,rm,1.3084417598875924,2961
verified+G3,rh,0.8340735201890895,4050
verified+G3,lf,1.5408899066242627,3438
verified+G3,lm,0.9079654534215073,2963
verified+G3,lh,1.31310356757147,4896
verified+G3,rf,0.9519593966749897,4320
verified+G3,rm,1.4180797465040038,2986
verified+G3,rh,1.308152648370104,3942
verified+G3,lf,2.1728200201360255,3472
verified+G3,lm,2.026757527048832,2878
verified+G3,lh,1.7148356562430194,4831
verified+G3,rf,2.080461154233929,4295
verified+G3,rm,1.0441547560926017,3113
verified+G3,rh,1.1588323032775887,4253
verified+G3,lf,1.6313752376832678,3418
verified+G3,lm,3.0405803125371658,3157
verified+G3,lh,1.5692723009758323,4609
verified+G3,rf,1.0165428991490106,3838
verified+G3,rm,1.2892403269489972,3049
verified+G3,rh,0.4124132324039821,4218
verified+G3,lf,1.0791460879625405,3439
verified+G3,lm,1.7646612638259969,3308
verified+G3,lh,0.5780047552636426,4779
verified+G3,rf,1.3385264908332692,4430
verified+G3,rm,2.5199995979389485,3163
verified+G3,rh,1.3061547564389422,4019
verified+G3,lf,1.8288387994443265,3529
verified+G3,lm,1.9086037128033182,3051
verified+G3,lh,1.227868697288349,4594
verified+G3,rf,0.8181028348735881,3887
verified+G3,rm,1.0661493280860597,2997
verified+G3,rh,1.0829890857339288,3921
verified+G3,lf,1.7728139553000628,3453
verified+G3,lm,1.3137604147001438,2953
verified+G3,lh,1.269202087368517,4723
verified+G3,rf,1.262466685353576,3785
verified+G3,rm,1.652572730647275,2969
verified+G3,rh,1.5906101235598948,3985
verified+G3,lf,2.5722745015317257,3494
verified+G3,lm,2.752040028352291,3356
verified+G3,lh,1.4944935514975235,4862
verified+G3,rf,2.610439053496147,4502
verified+G3,rm,1.2388972776001408,3152
verified+G3,rh,0.890534526441545,4095
verified+G3,lf,2.5271648422395625,3537
verified+G3,lm,2.54584999136209,3381
verified+G3,lh,1.67484312170293,4619
verified+G3,rf,0.858195412918002,4298
verified+G3,rm,1.3023594933921905,3097
verified+G3,rh,1.0103709664354503,4131
verified+G3,lf,0.7609831647271869,3387
verified+G3,lm,0.6530235995553073,3105
verified+G3,lh,1.0994537568404128,4698
verified+G3,rf,1.2896941766618182,4329
verified+G3,rm,1.3630815723214789,3154
verified+G3,rh,1.620990422800162,4060
verified+G3,lf,2.5751314881276284,3566
verified+G3,lm,1.4760353597872258,3218
verified+G3,lh,1.1451651743465534,4683
verified+G3,rf,1.1221237181747905,4305
verified+G3,rm,1.2019330393955476,3098
verified+G3,rh,1.1699535187033305,3826
verified+G3,lf,1.5271101521492911,3426
verified+G3,lm,1.2718028991932087,2950
verified+G3,lh,1.0377948610959888,4666
verified+G3,rf,1.5409450637134074,3773
verified+G3,rm,1.2099612326502558,3003
verified+G3,rh,1.6207443736029477,3963
verified+G3,lf,1.756290370457012,3439
verified+G3,lm,2.2913080055553725,3263
verified+G3,lh,1.284682164301863,4885
verified+G3,rf,1.9137601864693345,4459
verified+G3,rm,1.261760907282816,3124
verified+G3,rh,0.9382069001338946,4094
H5,lf,1.0805042559086753,1952
H5,lm,1.0078597368721636,1556
H5,lh,0.9905439753037457,1754
H5,rf,0.9724296041108247,2306
H5,rm,1.675099279615418,1645
H5,rh,1.0199090298975033,1844
H5,lf,1.927876463529796,1819
H5,lm,1.6528965936578115,1728
H5,lh,1.3650908141708251,1841
H5,rf,3.375141117296072,2368
H5,rm,1.5708483367265191,2013
H5,rh,1.1054549338857398,1890
H5,lf,1.8155092760668592,2417
H5,lm,1.5473495325045206,1582
H5,lh,2.872800027183249,1833
H5,rf,1.4519631010538832,2681
H5,rm,0.86566656904082,1812
H5,rh,1.1485481084069498,1873
H5,lf,2.72277560481493,1816
H5,lm,1.1215864029940958,1492
H5,lh,1.158725088656301,1721
H5,rf,2.203321081411446,2375
H5,rm,1.9472230053876096,1611
H5,rh,2.2103593762674265,1851
H5,lf,1.3025881845982155,1826
H5,lm,1.008242711969694,1564
H5,lh,1.6603474144843107,1696
H5,rf,1.9149053439645272,2404
H5,rm,2.2058770936589025,1732
H5,rh,1.3916458384736317,1964
H5,lf,1.5260363370017822,1946
H5,lm,1.1277734256087846,1553
H5,lh,1.3867296761189833,1742
H5,rf,1.1107233099320324,2292
H5,rm,1.7748036555507294,1654
H5,rh,0.9566352906010344,1811
H5,lf,2.460767129411046,1810
H5,lm,1.2183765477129258,1746
H5,lh,1.2379067832202864,1799
H5,rf,3.0859285564962105,2390
H5,rm,1.1958562365906646,2014
H5,rh,1.317428758206862,1864
H5,lf,1.7118456502096095,2415
H5,lm,1.689277783016775,1560
H5,lh,2.1028577366610457,1846
H5,rf,1.5929123937419283,2699
H5,rm,0.9024533723255331,1793
H5,rh,0.9091554976926649,1887
H5,lf,2.4325978155481303,1803
H5,lm,1.080601090098692,1491
H5,lh,1.0098581309959378,1703
H5,rf,1.9940524414097063,2388
H5,rm,1.8551705193395107,1651
H5,rh,1.9554870298368348,1841
H5,lf,1.2271261948364682,1819
H5,lm,1.1438990573403043,1550
H5,lh,1.476130202543152,1691
H5,rf,1.703115478220611,2387
H5,rm,1.95424205707627,1722
H5,rh,1.0912627122481084,1941
H5,lf,1.1076590234171413,2047
H5,lm,1.960546159657933,1633
H5,lh,0.9596471145197387,1776
H5,rf,1.0593587931835178,2365
H5,rm,1.0856922904201949,1660
H5,rh,1.2511863633659535,1846
H5,lf,1.9336071469624,1855
H5,lm,1.752545623932016,1791
H5,lh,1.1465149052810215,1927
H5,rf,2.59811637173015,2428
H5,rm,1.5189500874863129,1994
H5,rh,1.9185792344579418,1855
H5,lf,2.1966169162366405,2423
H5,lm,1.3542139355455618,1595
H5,lh,2.6512557268623684,1879
H5,rf,1.7627539889689838,2663
H5,rm,1.2491586708361047,1778
H5,rh,1.1525194973174842,1914
H5,lf,2.5743002078316204,1846
H5,lm,2.4054196410876765,1601
H5,lh,1.1060638857083915,1731
H5,rf,2.0306414804556967,2367
H5,rm,1.5216683710690555,1677
H5,rh,1.5449839172393889,1856
H5,lf,1.2378890043737225,1905
H5,lm,1.0508226979278246,1563
H5,lh,1.2952650654550633,1684
H5,rf,1.7763438417775523,2413
H5,rm,1.9035582689083763,1697
H5,rh,1.2306290427230506,1907
H5,lf,1.0412081414138743,2011
H5,lm,1.472227650206748,1638
H5,lh,0.6645734058020815,1773
H5,rf,1.3350287619208492,2370
H5,rm,1.138442153520945,1657
H5,rh,1.4261768401165495,1853
H5,lf,2.007383142469895,1828
H5,lm,1.6701343984010018,1818
H5,lh,1.0196918682777616,1878
H5,rf,2.746460738834542,2396
H5,rm,1.6353479856753441,2020
H5,rh,2.0765080387772885,1851
H5,lf,1.8061768819429243,2421
H5,lm,1.475309155791043,1618
H5,lh,2.333982656186147,1862
H5,rf,2.6206952719563015,2714
H5,rm,0.9833579584458103,1806
H5,rh,0.9323571930519867,1915
H5,lf,2.1746719508837278,1813
H5,lm,1.7846537498797432,1568
H5,lh,1.3733261544285766,1694
H5,rf,2.1206345911742486,2395
H5,rm,1.2986729570384175,1683
H5,rh,1.7702748426348343,1833
H5,lf,1.2452107527070344,1904
H5,lm,1.256242239594148,1595
H5,lh,1.762765949882631,1687
H5,rf,1.5633657416361924,2400
H5,rm,2.2084579039613725,1696
H5,rh,1.0295235718019593,1909
H5+G3,lf,2.482572396895846,4690
H5+G3,lm,1.5864465666476382,3882
H5+G3,lh,1.464436693814391,5613
H5+G3,rf,1.3374304267443422,5086
H5+G3,rm,1.6146791378610008,3955
H5+G3,rh,0.9849242298500447,5009
H5+G3,lf,2.234958490540052,4471
H5+G3,lm,0.9761669240108375,3858
H5+G3,lh,1.043223877783077,5459
H5+G3,rf,1.1370093122928486,5363
H5+G3,rm,1.3355733961657859,4166
H5+G3,rh,1.0976054772810044,5090
H5+G3,lf,1.5848257191599378,4674
H5+G3,lm,1.5422001780986079,3883
H5+G3,lh,1.3806548842697182,5475
H5+G3,rf,1.4528033100608269,5291
H5+G3,rm,1.8483890973842885,4072
H5+G3,rh,1.0109444453508776,5041
H5+G3,lf,1.4605220563042884,4415
H5+G3,lm,1.7023241683921544,3783
H5+G3,lh,0.7350223692563941,5546
H5+G3,rf,1.52949913688745,5182
H5+G3,rm,1.082188409370852,4166
H5+G3,rh,1.0471130761993444,5304
H5+G3,lf,1.6477455199339568,4726
H5+G3,lm,1.0332238718933962,4005
H5+G3,lh,1.4924862154505916,5813
H5+G3,rf,1.7724131798428815,5315
H5+G3,rm,1.0080680578387826,3918
H5+G3,rh,2.2626985121808,5262
H5+G3,lf,2.657391581725679,4670
H5+G3,lm,2.1740894580798447,3913
H5+G3,lh,1.9376054824349238,5586
H5+G3,rf,1.9927719674690387,5109
H5+G3,rm,1.5071373589846517,3905
H5+G3,rh,0.9275590255942441,5047
H5+G3,lf,2.0794670226597596,4447
H5+G3,lm,1.7132756975865666,3761
H5+G3,lh,1.4219041016954879,5368
H5+G3,rf,1.165070989141691,5071
H5+G3,rm,0.9989669665786024,4078
H5+G3,rh,1.3235345199274735,5138
H5+G3,lf,1.132875094019453,4614
H5+G3,lm,1.4829107700543886,3897
H5+G3,lh,1.4668850834436484,5422
H5+G3,rf,1.5639427343453483,5130
H5+G3,rm,1.5097198995051127,4011
H5+G3,rh,1.295845402598334,5073
H5+G3,lf,1.2329458069351726,4429
H5+G3,lm,1.3678502547759954,3755
H5+G3,lh,1.121571416468774,5524
H5+G3,rf,1.5764325760196132,5253
H5+G3,rm,1.2224771031032904,4152
H5+G3,rh,1.0251173802796598,5237
H5+G3,lf,1.4340492470384887,4782
H5+G3,lm,0.8292471376963045,4054
H5+G3,lh,1.2451349307933304,5849
H5+G3,rf,1.5637855766332562,5353
H5+G3,rm,1.3621789765771237,3913
H5+G3,rh,1.750933614436757,5250
H5+G3,lf,2.0503743868692945,4698
H5+G3,lm,1.3803460253836755,4252
H5+G3,lh,1.1525214783285995,5576
H5+G3,rf,1.509452995539427,5133
H5+G3,rm,1.7008420718782593,3941
H5+G3,rh,1.2122063347285408,4922
H5+G3,lf,1.995939645475783,4395
H5+G3,lm,1.3057638241161151,4085
H5+G3,lh,1.6179486914707433,5628
H5+G3,rf,1.1994946948447955,5135
H5+G3,rm,1.064480985960722,4233
H5+G3,rh,1.3392078620047108,5051
H5+G3,lf,1.4303661043245366,4711
H5+G3,lm,1.70860131793056,4205
H5+G3,lh,1.2501094361108478,5592
H5+G3,rf,2.0058412782044557,5409
H5+G3,rm,1.4057184650393224,4132
H5+G3,rh,1.5961398951622034,4876
H5+G3,lf,1.1148631003214489,4434
H5+G3,lm,1.731488416899658,4080
H5+G3,lh,0.799946927729866,5487
H5+G3,rf,1.9480365290855504,5098
H5+G3,rm,1.5265145874051205,4217
H5+G3,rh,0.9693789514300747,5175
H5+G3,lf,1.931173095579259,4683
H5+G3,lm,1.4459538559731853,4199
H5+G3,lh,1.4777684155168973,5774
H5+G3,rf,1.4334265121414296,4957
H5+G3,rm,0.9990624266398469,3969
H5+G3,rh,1.4181221947177622,5165
H5+G3,lf,2.6074550948784996,4584
H5+G3,lm,1.6849858084688423,4239
H5+G3,lh,1.7013444033284566,5608
H5+G3,rf,1.4282874129668752,5012
H5+G3,rm,1.4459953720660943,3912
H5+G3,rh,1.1513729571231963,4932
H5+G3,lf,1.7084326255797657,4413
H5+G3,lm,1.164504854733765,4036
H5+G3,lh,1.3875080662964219,5571
H5+G3,rf,1.3335772896937272,5115
H5+G3,rm,1.5363425308778653,4171
H5+G3,rh,1.4796080792220052,5036
H5+G3,lf,1.6743451132208538,4591
H5+G3,lm,1.9372600919512677,4209
H5+G3,lh,1.2229798000868055,5513
H5+G3,rf,1.660112728585735,5354
H5+G3,rm,1.510365657849967,4051
H5+G3,rh,1.6090031416154744,4809
H5+G3,lf,1.5162605174675665,4343
H5+G3,lm,1.8111253138447745,4129
H5+G3,lh,0.9466562610079868,5527
H5+G3,rf,1.1031870729984983,5085
H5+G3,rm,1.058045930867066,4208
H5+G3,rh,1.0595514967344581,5171
H5+G3,lf,1.4881433470133651,4798
H5+G3,lm,1.231243785632626,4355
H5+G3,lh,1.3645174451781632,5835
H5+G3,rf,1.4469775913668117,5238
H5+G3,rm,1.1942372156404526,3962
H5+G3,rh,1.9082738583530603,5110
controle H5,lf,0.8836928371448344,1609
controle H5,lm,1.491256304719702,1480
controle H5,lh,1.1334482511916923,1589
controle H5,rf,1.1657297994239095,1789
controle H5,rm,1.3581032814167764,1581
controle H5,rh,1.2082580374078788,1578
controle H5,lf,1.9651008826405587,1665
controle H5,lm,1.3568286927766486,1465
controle H5,lh,1.0205310193757404,1672
controle H5,rf,1.3446709273688342,1757
controle H5,rm,2.4314492610561382,1510
controle H5,rh,1.397970650746476,1581
controle H5,lf,1.675491540222866,1777
controle H5,lm,1.178299618017199,1414
controle H5,lh,2.332758159260967,1589
controle H5,rf,2.056517133410067,1809
controle H5,rm,1.0836815588127469,1487
controle H5,rh,1.122026109499403,1575
controle H5,lf,1.7517949886905138,1601
controle H5,lm,1.3742337044067747,1410
controle H5,lh,0.9724487343514681,1547
controle H5,rf,1.7648853580074664,1811
controle H5,rm,1.5214108631168297,1553
controle H5,rh,1.7559172003776475,1583
controle H5,lf,1.6042819205430028,1636
controle H5,lm,1.2781142206231144,1431
controle H5,lh,1.502594983754842,1501
controle H5,rf,1.1091136265988013,1795
controle H5,rm,2.033698302022861,1507
controle H5,rh,1.0991123057714391,1611
controle H5+G3,lf,2.282510991748116,4620
controle H5+G3,lm,1.128437227224037,4244
controle H5+G3,lh,1.366684934961216,5961
controle H5+G3,rf,0.7103468770703972,5033
controle H5+G3,rm,2.245019144868795,4079
controle H5+G3,rh,0.8742364939200881,5148
controle H5+G3,lf,1.5802072990297273,4383
controle H5+G3,lm,1.7736077758119504,4015
controle H5+G3,lh,1.119305327430017,5730
controle H5+G3,rf,1.3230263466718604,4951
controle H5+G3,rm,1.3924438381386504,4316
controle H5+G3,rh,0.8413526446493049,5218
controle H5+G3,lf,1.241876677103551,4539
controle H5+G3,lm,1.5807626642747046,4075
controle H5+G3,lh,0.97848164193517,5626
controle H5+G3,rf,2.1801014957283606,4813
controle H5+G3,rm,1.6472432190361683,4213
controle H5+G3,rh,1.0380688206526,5235
controle H5+G3,lf,1.0611144533347774,4517
controle H5+G3,lm,1.604112812799198,4138
controle H5+G3,lh,0.7586889343494231,5771
controle H5+G3,rf,1.4464018591314762,5213
controle H5+G3,rm,1.6484106817934774,4294
controle H5+G3,rh,1.335831690288359,5389
controle H5+G3,lf,1.5150959731354356,4726
controle H5+G3,lm,0.8183677018241824,4187
controle H5+G3,lh,1.2041715094733443,5965
controle H5+G3,rf,1.7459603572871618,4854
controle H5+G3,rm,1.378257860819736,4143
controle H5+G3,rh,1.7250398484987153,5387
gluexc,lf,2.5833660585140223,1879
gluexc,lm,1.8593478330164244,438
gluexc,lh,4.265505244382305,571
gluexc,rf,2.159781669364426,1649
gluexc,rm,1.2550556651152298,150
gluexc,rh,1.7739955881243124,550
gluexc,lf,4.416749998154536,1243
gluexc,lm,0.9756173364019097,1540
gluexc,lh,3.4399854277845123,510
gluexc,rf,17.23986345087576,1619
gluexc,rm,0.9698656986383246,2168
gluexc,rh,2.374855104383964,654
gluexc,lf,2.4059276542678156,2430
gluexc,lm,1.690750053384071,821
gluexc,lh,1.6705166015749524,926
gluexc,rf,1.1158888786874988,2448
gluexc,rm,0.9951820365894986,1729
gluexc,rh,0.49940440857829205,800
gluexc,lf,1.4961502328964527,1192
gluexc,lm,2.5705305683890196,727
gluexc,lh,4.691146074179318,434
gluexc,rf,0.9890125367537927,1752
gluexc,rm,1.8086814280983732,291
gluexc,rh,0.9341568445707951,654
gluexc,lf,2.6794803149190263,1438
gluexc,lm,1.763077306980466,705
gluexc,lh,1.5085605250279734,376
gluexc,rf,1.8133607323149747,1708
gluexc,rm,2.5485732780181327,671
gluexc,rh,0.9634899079753512,648
gluexc,lf,1.942424437533487,1766
gluexc,lm,2.6926807262411763,477
gluexc,lh,2.577971214216811,589
gluexc,rf,1.9640645190221802,1612
gluexc,rm,2.006305167661546,131
gluexc,rh,2.02660324872922,554
gluexc,lf,3.4656724727719666,1202
gluexc,lm,0.8493829357261085,1563
gluexc,lh,2.9393892408009226,553
gluexc,rf,15.983574643325204,1626
gluexc,rm,1.083536827780448,2205
gluexc,rh,3.1736373380204954,621
gluexc,lf,4.048809757699538,2443
gluexc,lm,1.5703075279188519,867
gluexc,lh,1.1637800459635763,909
gluexc,rf,1.5349443756915662,2487
gluexc,rm,0.972545295639433,1703
gluexc,rh,0.4997907595110193,745
gluexc,lf,2.2096255890380814,1123
gluexc,lm,1.468325657871338,737
gluexc,lh,2.953479263423236,449
gluexc,rf,1.2025436818672577,1792
gluexc,rm,2.7906219845524194,314
gluexc,rh,0.792774037472393,629
gluexc,lf,3.0572860050508104,1333
gluexc,lm,3.6931742821671696,778
gluexc,lh,3.2932028523608454,390
gluexc,rf,1.8462811103775394,1792
gluexc,rm,2.2524879869681733,740
gluexc,rh,0.7600428109486628,633
gluexc,lf,2.0230238129540346,1998
gluexc,lm,1.2750012519520082,288
gluexc,lh,2.429138157108227,676
gluexc,rf,1.0043855422559502,1748
gluexc,rm,1.1265737299530405,186
gluexc,rh,4.361891818012513,662
gluexc,lf,7.664889754850695,1078
gluexc,lm,1.6830644753155022,1599
gluexc,lh,7.696144392339676,572
gluexc,rf,12.974396331990254,1627
gluexc,rm,0.8779072845076249,2249
gluexc,rh,6.966864241729872,721
gluexc,lf,2.012657433834635,2479
gluexc,lm,2.0407216572434113,824
gluexc,lh,2.341532840656499,1088
gluexc,rf,3.256889326926624,2534
gluexc,rm,1.027484023089177,1729
gluexc,rh,1.4445638461747392,843
gluexc,lf,3.5831497069637255,1178
gluexc,lm,3.283987586351729,630
gluexc,lh,3.9293167808134104,519
gluexc,rf,1.9669507657954641,1773
gluexc,rm,2.13904208342055,387
gluexc,rh,0.9850522454858359,709
gluexc,lf,4.405187615488799,1434
gluexc,lm,2.553461297509272,658
gluexc,lh,4.009538414942105,435
gluexc,rf,2.360495985503821,1690
gluexc,rm,2.295034103568016,751
gluexc,rh,1.0346409932434926,748
gluexc,lf,1.7126899339857746,1881
gluexc,lm,2.37533047411729,261
gluexc,lh,2.064895325615602,696
gluexc,rf,1.142728649531667,1679
gluexc,rm,2.2275598782647794,189
gluexc,rh,4.511666675179977,647
gluexc,lf,8.394089810644212,1053
gluexc,lm,1.843966792902896,1623
gluexc,lh,9.649223556033345,621
gluexc,rf,9.517358935654286,1647
gluexc,rm,0.811547615273714,2214
gluexc,rh,6.172882019483356,704
gluexc,lf,3.7294198656839517,2434
gluexc,lm,3.0568143333866806,859
gluexc,lh,2.1874260832960246,1068
gluexc,rf,2.7347844678920525,2487
gluexc,rm,0.9729009791020102,1733
gluexc,rh,1.7597875370043536,837
gluexc,lf,2.0360607507121062,1080
gluexc,lm,2.064045451369348,677
gluexc,lh,2.429143950598562,548
gluexc,rf,2.210662085264231,1846
gluexc,rm,2.0901725817745014,427
gluexc,rh,1.0026629356700063,682
gluexc,lf,3.8504569180346833,1429
gluexc,lm,2.2516079110895486,624
gluexc,lh,6.703290077093402,480
gluexc,rf,1.4986232727583715,1665
gluexc,rm,2.963498334718834,747
gluexc,rh,1.5920357777018048,753
gluexc+G3,lf,1.003194980212686,13898
gluexc+G3,lm,1.1860959154802195,8195
gluexc+G3,lh,1.2922923520239866,8656
gluexc+G3,rf,1.076134422150462,14047
gluexc+G3,rm,1.696722736044719,8614
gluexc+G3,rh,1.3942999250360943,6565
gluexc+G3,lf,0.6973770291393423,13709
gluexc+G3,lm,0.8339875333819241,8298
gluexc+G3,lh,0.9168681715794648,8352
gluexc+G3,rf,1.3675093626758306,14097
gluexc+G3,rm,1.139978154780009,8546
gluexc+G3,rh,1.3600352586423208,6714
gluexc+G3,lf,1.7604079664563799,13745
gluexc+G3,lm,1.3236991131284341,8323
gluexc+G3,lh,2.742249972833138,8786
gluexc+G3,rf,0.3887993582230087,14167
gluexc+G3,rm,1.4365643246873074,8357
gluexc+G3,rh,0.9584760264365754,6588
gluexc+G3,lf,1.7275067691354626,13752
gluexc+G3,lm,1.1520954940407733,8126
gluexc+G3,lh,1.6067074545671012,8452
gluexc+G3,rf,0.8176348485373951,14025
gluexc+G3,rm,1.839918329207991,8146
gluexc+G3,rh,1.5749723614616447,6547
gluexc+G3,lf,1.926332856172793,14119
gluexc+G3,lm,2.557831293482159,8175
gluexc+G3,lh,1.7097741904989856,8564
gluexc+G3,rf,2.04515214688173,14232
gluexc+G3,rm,1.7006542718675022,8360
gluexc+G3,rh,1.488135297132824,6882
gluexc+G3,lf,0.9991180820410502,13459
gluexc+G3,lm,1.7550591210537805,7937
gluexc+G3,lh,1.0556494359974742,8380
gluexc+G3,rf,1.1253319484715232,14167
gluexc+G3,rm,0.9351111296183767,8390
gluexc+G3,rh,1.3013473100418207,6621
gluexc+G3,lf,1.123991822325075,13500
gluexc+G3,lm,1.0435022842476893,8286
gluexc+G3,lh,1.186531792269244,8130
gluexc+G3,rf,0.6777053499137197,14110
gluexc+G3,rm,1.0421924948202934,8434
gluexc+G3,rh,1.029118028696899,6641
gluexc+G3,lf,1.7827429281880702,13495
gluexc+G3,lm,1.2447756526907052,8307
gluexc+G3,lh,2.956949554347048,8796
gluexc+G3,rf,1.0561545565334347,14033
gluexc+G3,rm,1.0564502763701533,8192
gluexc+G3,rh,1.6888705698336415,6463
gluexc+G3,lf,1.750940853091094,13252
gluexc+G3,lm,1.5140999163428093,8065
gluexc+G3,lh,2.224472691376973,8241
gluexc+G3,rf,1.1048450677672432,14060
gluexc+G3,rm,1.4877340091824982,8179
gluexc+G3,rh,1.3480847875492354,6449
gluexc+G3,lf,1.600666936347687,13901
gluexc+G3,lm,2.1572567178202267,8330
gluexc+G3,lh,1.5424252457200687,8303
gluexc+G3,rf,1.1538913964928943,14297
gluexc+G3,rm,1.0892639354378642,8509
gluexc+G3,rh,1.4100416128577886,6931
gluexc+G3,lf,2.2393119446319405,13994
gluexc+G3,lm,1.844504777860101,8636
gluexc+G3,lh,2.1563397331205962,8601
gluexc+G3,rf,0.8696156704661787,14274
gluexc+G3,rm,0.836222682094315,8684
gluexc+G3,rh,0.46010969800262286,6482
gluexc+G3,lf,0.8503795838079035,13429
gluexc+G3,lm,1.1206724920401936,8600
gluexc+G3,lh,1.0318070265295798,8748
gluexc+G3,rf,0.9542907060055753,14092
gluexc+G3,rm,1.0667919721952384,8675
gluexc+G3,rh,1.274714660680771,6334
gluexc+G3,lf,1.616184094865454,13651
gluexc+G3,lm,2.4379047495483412,8796
gluexc+G3,lh,2.028114600308125,9179
gluexc+G3,rf,0.9301573494129525,14161
gluexc+G3,rm,1.2615178854910778,8619
gluexc+G3,rh,0.9101398277872382,6318
gluexc+G3,lf,2.3757851416520515,13958
gluexc+G3,lm,1.6970370046281293,8687
gluexc+G3,lh,2.4790926037041157,8489
gluexc+G3,rf,1.0327447254222273,13992
gluexc+G3,rm,1.5511704063977163,8530
gluexc+G3,rh,0.6438648437544616,6354
gluexc+G3,lf,1.8361858589388136,13576
gluexc+G3,lm,2.5797025813935934,8566
gluexc+G3,lh,1.7345442899279127,8431
gluexc+G3,rf,1.677973684577383,14241
gluexc+G3,rm,1.316001080176915,8836
gluexc+G3,rh,0.7931352639468994,6520
gluexc+G3,lf,1.912260117043881,14074
gluexc+G3,lm,2.5767588161614157,8719
gluexc+G3,lh,2.036857439375319,8631
gluexc+G3,rf,0.679313479230941,14268
gluexc+G3,rm,2.049458715976228,8772
gluexc+G3,rh,0.6625150500418425,6423
gluexc+G3,lf,0.7631206518256124,13627
gluexc+G3,lm,0.7180614283291652,8732
gluexc+G3,lh,1.3897249315447977,8698
gluexc+G3,rf,1.1988810301510577,14140
gluexc+G3,rm,1.1401684306654836,8570
gluexc+G3,rh,1.1003290127963623,6367
gluexc+G3,lf,1.2791879236822825,14066
gluexc+G3,lm,2.7703956495475293,8922
gluexc+G3,lh,1.996855845604396,9145
gluexc+G3,rf,0.5239178040558807,13950
gluexc+G3,rm,0.8584470137173609,8630
gluexc+G3,rh,1.0092935238376963,6294
gluexc+G3,lf,1.951747908467734,13419
gluexc+G3,lm,1.6964640007533085,8468
gluexc+G3,lh,2.8266656155610512,8342
gluexc+G3,rf,1.6154167264826764,14003
gluexc+G3,rm,1.7798833353973904,8600
gluexc+G3,rh,1.1215313277514598,6201
gluexc+G3,lf,1.133014850367327,13387
gluexc+G3,lm,2.0842070352778186,8572
gluexc+G3,lh,1.5675007729683952,8369
gluexc+G3,rf,1.8093023359444913,14247
gluexc+G3,rm,1.775667626733325,8652
gluexc+G3,rh,0.7877766958807213,6521
